データ日付,終値,始値,高値,安値,終値(配当込JPX日経400),終値(税引後配当込JPX日経400)
"2021/11/29","17616.21","17652.54","17875.93","17580.52","21134.36","20564.95"
"2021/11/30","17400.98","17797.88","17867.63","17400.98","20881.36","20318.00"
"2021/12/01","17477.83","17427.29","17555.50","17282.76","20973.58","20407.73"
"2021/12/02","17410.49","17378.53","17520.76","17350.80","20892.77","20329.10"
"2021/12/03","17668.70","17477.14","17668.70","17396.16","21202.62","20630.59"
"2021/12/06","17582.35","17698.59","17718.03","17523.68","21099.01","20529.77"
"2021/12/07","17940.64","17709.35","17996.42","17613.24","21528.96","20948.12"
"2021/12/08","18074.85","18095.33","18126.70","17994.30","21690.01","21104.83"
"2021/12/09","17970.40","18060.60","18098.99","17970.40","21564.67","20982.87"
"2021/12/10","17836.08","17925.63","17995.89","17816.43","21403.48","20826.03"
"2021/12/13","17877.14","17992.60","18016.61","17866.94","21452.75","20873.97"
"2021/12/14","17838.24","17866.27","17944.22","17774.71","21406.07","20828.55"
"2021/12/15","17909.94","17804.33","17951.55","17804.33","21492.11","20912.27"
"2021/12/16","18193.79","18124.86","18204.33","18062.36","21832.74","21243.71"
"2021/12/17","17934.90","18112.89","18163.04","17895.24","21522.07","20941.42"
"2021/12/20","17558.06","17782.83","17815.88","17544.14","21069.85","20501.40"
"2021/12/21","17826.40","17772.20","17885.84","17708.51","21391.86","20814.73"
"2021/12/22","17830.83","17879.74","17908.69","17782.77","21397.19","20819.90"
"2021/12/23","17987.13","17916.53","17987.13","17884.49","21584.74","21002.40"
"2021/12/24","17962.03","18018.71","18044.05","17948.73","21554.63","20973.10"
"2021/12/27","17875.93","17963.01","17976.98","17869.07","21451.31","20872.56"
"2021/12/28","18127.10","18036.89","18131.99","18001.57","21752.71","21165.83"
"2021/12/29","18048.25","18089.88","18153.82","17984.85","21686.86","21097.47"
"2021/12/30","17990.97","17985.12","18071.02","17881.31","21618.03","21030.51"
"2022/01/04","18334.06","18197.31","18345.40","18102.07","22030.29","21431.57"
"2022/01/05","18398.74","18397.13","18425.37","18339.67","22108.01","21507.18"
"2022/01/06","18027.45","18317.44","18336.47","18027.45","21661.86","21073.15"
"2022/01/07","18006.14","18144.44","18197.58","17882.73","21636.26","21048.25"
"2022/01/11","17919.90","17993.12","18010.96","17791.11","21532.63","20947.43"
"2022/01/12","18204.66","18023.10","18221.12","18010.31","21874.80","21280.30"
"2022/01/13","18069.22","18149.71","18151.41","18058.16","21712.05","21121.98"
"2022/01/14","17810.82","17950.27","17958.26","17669.42","21401.57","20819.93"
"2022/01/17","17904.91","17910.81","18020.35","17874.32","21514.62","20929.91"
"2022/01/18","17831.75","17981.20","18059.99","17755.12","21426.71","20844.39"
"2022/01/19","17332.53","17620.31","17660.06","17268.06","20826.85","20260.83"
"2022/01/20","17486.32","17301.97","17550.24","17206.90","21011.64","20440.61"
"2022/01/21","17377.93","17300.06","17415.59","17147.04","20881.40","20313.90"
"2022/01/24","17402.38","17238.43","17432.57","17167.25","20910.78","20342.49"
"2022/01/25","17107.85","17306.77","17312.99","16973.36","20556.87","19998.19"
"2022/01/26","17062.68","17136.48","17182.93","17001.46","20502.60","19945.39"
"2022/01/27","16631.38","17175.38","17213.20","16565.93","19984.35","19441.23"
"2022/01/28","16928.10","16807.96","16961.19","16712.73","20342.59","19789.48"
"2022/01/31","17087.09","16897.15","17134.14","16798.85","20533.68","19975.37"
"2022/02/01","17082.29","17185.33","17303.15","17052.03","20527.91","19969.76"
"2022/02/02","17419.70","17200.47","17432.69","17188.38","20933.38","20364.20"
"2022/02/03","17281.40","17323.94","17361.51","17260.67","20767.18","20202.52"
"2022/02/04","17377.80","17256.89","17396.82","17180.61","20883.03","20315.22"
"2022/02/07","17333.94","17328.62","17357.08","17202.81","20830.32","20263.95"
"2022/02/08","17393.70","17385.63","17480.13","17381.18","20902.14","20333.81"
"2022/02/09","17553.33","17493.53","17599.60","17461.38","21093.96","20520.42"
"2022/02/10","17664.01","17659.68","17727.38","17554.29","21226.97","20649.81"
"2022/02/14","17377.89","17448.78","17471.87","17228.50","20883.14","20315.33"
"2022/02/15","17230.36","17401.70","17412.25","17156.30","20705.85","20142.86"
"2022/02/16","17534.84","17474.27","17552.01","17444.82","21071.75","20498.81"
"2022/02/17","17405.13","17518.89","17527.19","17307.50","20916.17","20347.41"
"2022/02/18","17336.71","17211.19","17381.00","17164.10","20833.95","20267.43"
"2022/02/21","17220.34","17127.02","17261.07","17014.53","20694.10","20131.38"
"2022/02/22","16959.38","16971.79","17044.57","16851.65","20380.50","19826.31"
"2022/02/24","16746.19","16860.64","16941.87","16620.27","20124.30","19577.08"
"2022/02/25","16908.73","16816.67","16932.69","16777.74","20324.50","19771.11"
"2022/02/28","16973.17","16905.57","17013.35","16827.42","20404.36","19848.44"
"2022/03/01","17078.81","17139.90","17207.82","17071.37","20531.35","19971.97"
"2022/03/02","16753.33","16885.52","16897.59","16735.06","20140.07","19591.35"
"2022/03/03","16964.19","16936.13","17022.17","16909.27","20393.56","19837.93"
"2022/03/04","16629.84","16883.65","16888.90","16546.76","19991.63","19446.95"
"2022/03/07","16184.83","16428.90","16434.33","16056.94","19456.66","18926.55"
"2022/03/08","15884.67","16039.66","16167.76","15857.86","19095.82","18575.54"
"2022/03/09","15864.64","15923.93","16075.92","15831.80","19071.73","18552.12"
"2022/03/10","16488.17","16101.64","16498.34","16097.85","19821.32","19281.28"
"2022/03/11","16213.98","16331.66","16360.64","16110.92","19491.69","18960.64"
"2022/03/14","16310.52","16326.32","16450.73","16310.03","19607.75","19073.53"
"2022/03/15","16426.88","16307.22","16499.24","16300.40","19747.64","19209.61"
"2022/03/16","16668.47","16561.70","16716.39","16543.96","20038.07","19492.12"
"2022/03/17","17107.73","16911.66","17137.32","16904.34","20566.66","20006.24"
"2022/03/18","17213.33","17102.59","17238.24","17102.15","20693.61","20129.72"
"2022/03/22","17468.09","17345.47","17499.95","17342.32","20999.87","20427.64"
"2022/03/23","17876.11","17674.85","17896.87","17667.98","21490.39","20904.79"
"2022/03/24","17880.03","17678.79","17880.03","17620.06","21495.10","20909.38"
"2022/03/25","17893.73","17990.32","18007.45","17809.44","21511.57","20925.40"
"2022/03/28","17813.95","17896.20","17896.26","17716.69","21415.66","20832.10"
"2022/03/29","17984.36","17930.54","17984.36","17870.18","21620.52","21031.38"
"2022/03/30","17751.80","17890.24","17910.77","17595.58","21576.70","20953.30"
"2022/03/31","17557.08","17628.42","17771.31","17557.08","21340.09","20723.52"
"2022/04/01","17531.12","17432.01","17569.86","17331.93","21308.54","20692.88"
"2022/04/04","17619.58","17556.90","17621.50","17507.46","21416.06","20797.30"
"2022/04/05","17546.77","17738.98","17742.38","17483.90","21327.56","20711.35"
"2022/04/06","17312.04","17421.96","17433.90","17278.84","21042.25","20434.29"
"2022/04/07","17047.14","17107.33","17114.06","16944.88","20720.28","20121.61"
"2022/04/08","17098.66","17161.26","17184.44","16980.62","20782.89","20182.42"
"2022/04/11","17047.07","17069.12","17107.98","16973.42","20720.19","20121.53"
"2022/04/12","16801.37","16962.25","16988.98","16778.21","20421.55","19831.52"
"2022/04/13","17045.39","16854.24","17071.60","16838.43","20718.15","20119.55"
"2022/04/14","17203.97","17094.22","17211.44","17072.49","20910.90","20306.73"
"2022/04/15","17094.49","17047.05","17159.23","16956.20","20777.83","20177.51"
"2022/04/18","16941.54","16948.87","16986.66","16790.37","20591.92","19996.97"
"2022/04/19","17078.23","17112.57","17124.18","16969.61","20758.07","20158.32"
"2022/04/20","17249.39","17221.79","17351.04","17160.39","20966.11","20360.34"
"2022/04/21","17391.88","17263.02","17408.54","17246.91","21139.30","20528.53"
"2022/04/22","17191.57","17219.19","17233.23","17079.44","20895.83","20292.10"
"2022/04/25","16943.91","16920.51","17001.35","16845.94","20594.81","19999.77"
"2022/04/26","16952.10","16985.60","17018.17","16904.10","20604.76","20009.44"
"2022/04/27","16781.64","16727.05","16788.65","16617.98","20397.88","19808.49"
"2022/04/28","17122.20","16814.15","17138.61","16787.18","20812.33","20210.89"
"2022/05/02","17106.32","17117.49","17224.87","17001.73","20793.03","20192.14"
"2022/05/06","17262.58","17146.27","17298.87","17031.02","20982.96","20376.59"
"2022/05/09","16914.91","17117.25","17147.66","16911.27","20560.37","19966.20"
"2022/05/10","16774.81","16771.18","16818.92","16577.23","20390.07","19800.83"
"2022/05/11","16677.93","16683.20","16742.23","16604.63","20272.31","19686.47"
"2022/05/12","16489.03","16556.96","16652.28","16466.38","20042.90","19463.66"
"2022/05/13","16794.16","16567.76","16831.73","16560.05","20413.80","19823.84"
"2022/05/16","16796.28","16969.08","16976.52","16757.42","20416.38","19826.34"
"2022/05/17","16833.82","16827.62","16880.68","16770.76","20462.00","19870.65"
"2022/05/18","17005.67","16945.72","17063.86","16915.04","20670.89","20073.50"
"2022/05/19","16761.45","16703.90","16787.89","16601.56","20374.05","19785.24"
"2022/05/20","16918.57","16782.76","16933.69","16762.34","20565.04","19970.70"
"2022/05/23","17089.36","17062.29","17115.55","17015.04","20772.64","20172.31"
"2022/05/24","16954.01","17103.65","17117.23","16953.82","20608.12","20012.54"
"2022/05/25","16964.28","16941.00","17023.17","16862.95","20620.59","20024.65"
"2022/05/26","16942.12","16974.90","17085.67","16942.12","20593.66","19998.50"
"2022/05/27","17015.58","17122.91","17130.31","16993.25","20682.95","20085.22"
"2022/05/30","17334.91","17181.79","17371.52","17159.71","21071.78","20462.71"
"2022/05/31","17245.93","17286.59","17373.33","17231.20","20980.72","20371.73"
"2022/06/01","17459.72","17284.92","17466.04","17284.92","21240.81","20624.28"
"2022/06/02","17347.08","17387.95","17407.58","17266.24","21103.78","20491.21"
"2022/06/03","17418.91","17455.99","17487.17","17342.26","21191.16","20576.06"
"2022/06/06","17467.93","17299.50","17489.24","17292.43","21250.80","20633.97"
"2022/06/07","17533.45","17529.94","17610.70","17502.68","21330.50","20711.36"
"2022/06/08","17744.44","17607.47","17744.44","17606.03","21587.19","20960.59"
"2022/06/09","17739.85","17703.09","17825.46","17700.45","21581.61","20955.18"
"2022/06/10","17500.44","17574.61","17624.09","17484.64","21290.34","20672.37"
"2022/06/13","17115.71","17233.86","17256.55","17067.86","20822.31","20217.92"
"2022/06/14","16910.04","16872.06","16929.71","16796.76","20572.09","19974.96"
"2022/06/15","16703.50","16874.76","16893.03","16703.50","20320.83","19730.99"
"2022/06/16","16799.76","16897.14","17035.15","16784.02","20437.93","19844.70"
"2022/06/17","16508.15","16531.04","16572.38","16359.80","20083.17","19500.23"
"2022/06/20","16338.39","16586.05","16590.15","16241.06","19876.64","19299.70"
"2022/06/21","16665.76","16531.28","16732.33","16471.36","20274.91","19686.41"
"2022/06/22","16632.82","16798.74","16804.76","16632.82","20234.84","19647.50"
"2022/06/23","16630.01","16609.19","16773.01","16579.42","20231.42","19644.18"
"2022/06/24","16785.71","16630.60","16787.86","16587.07","20420.83","19828.10"
"2022/06/27","16982.58","16936.76","17003.06","16886.70","20660.35","20060.66"
"2022/06/28","17152.84","16961.44","17152.84","16959.29","20867.47","20261.77"
"2022/06/29","17020.11","17028.63","17077.30","16985.73","20734.88","20128.73"
"2022/06/30","16811.46","16954.14","16994.02","16778.42","20480.70","19881.98"
"2022/07/01","16575.45","16859.91","16909.75","16502.74","20193.18","19602.86"
"2022/07/04","16804.04","16696.20","16812.74","16672.97","20471.67","19873.21"
"2022/07/05","16898.26","16924.29","16963.45","16832.88","20586.45","19984.63"
"2022/07/06","16707.44","16773.14","16806.18","16660.22","20353.97","19758.95"
"2022/07/07","16957.49","16823.47","16975.61","16728.65","20658.60","20054.68"
"2022/07/08","17003.75","17022.51","17179.81","16967.08","20714.95","20109.38"
"2022/07/11","17236.20","17234.51","17338.74","17142.16","20998.14","20384.29"
"2022/07/12","16961.26","17177.46","17187.32","16923.01","20663.20","20059.14"
"2022/07/13","16999.73","16992.81","17044.09","16964.07","20710.06","20104.63"
"2022/07/14","17038.44","16891.26","17068.75","16869.85","20757.22","20150.41"
"2022/07/15","17033.62","17071.60","17117.47","16915.68","20751.35","20144.71"
"2022/07/19","17114.49","17154.60","17161.73","17016.58","20849.87","20240.35"
"2022/07/20","17524.40","17333.54","17524.40","17331.61","21349.24","20725.12"
"2022/07/21","17558.10","17453.56","17562.02","17416.79","21390.31","20764.99"
"2022/07/22","17606.03","17510.67","17628.69","17490.15","21448.69","20821.67"
"2022/07/25","17486.31","17501.72","17585.12","17461.52","21302.84","20680.08"
"2022/07/26","17477.74","17488.17","17517.31","17436.64","21292.40","20669.95"
"2022/07/27","17513.49","17439.50","17549.04","17421.12","21335.96","20712.23"
"2022/07/28","17542.38","17592.86","17613.78","17458.92","21372.80","20747.75"
"2022/07/29","17462.60","17551.81","17573.98","17413.00","21275.60","20653.39"
"2022/08/01","17630.79","17490.82","17630.79","17449.32","21480.51","20852.32"
"2022/08/02","17307.12","17512.71","17517.05","17282.63","21086.17","20469.50"
"2022/08/03","17366.42","17317.46","17386.28","17297.14","21158.42","20539.64"
"2022/08/04","17372.68","17425.94","17428.28","17340.51","21166.04","20547.04"
"2022/08/05","17510.95","17333.78","17515.63","17333.78","21334.50","20710.57"
"2022/08/08","17549.67","17444.68","17551.51","17440.25","21381.69","20756.38"
"2022/08/09","17425.05","17547.95","17571.73","17413.76","21229.85","20608.98"
"2022/08/10","17393.37","17413.93","17427.45","17309.45","21191.25","20571.51"
"2022/08/12","17758.02","17588.33","17758.36","17574.63","21635.52","21002.79"
"2022/08/15","17894.10","17780.66","17901.95","17778.15","21801.32","21163.73"
"2022/08/16","17867.99","17864.67","17879.05","17819.48","21769.50","21132.85"
"2022/08/17","18087.79","17928.95","18087.79","17922.89","22037.31","21392.82"
"2022/08/18","17934.94","17959.85","17971.11","17883.65","21851.41","21212.31"
"2022/08/19","17959.01","18022.89","18050.38","17928.08","21880.74","21240.78"
"2022/08/22","17954.64","17826.27","17957.19","17794.07","21875.41","21235.61"
"2022/08/23","17764.96","17850.66","17851.48","17739.09","21644.32","21011.28"
"2022/08/24","17721.09","17777.02","17811.27","17696.40","21590.87","20959.39"
"2022/08/25","17809.85","17774.76","17839.53","17738.49","21699.00","21064.37"
"2022/08/26","17838.39","17870.87","17931.36","17831.27","21733.78","21098.12"
"2022/08/29","17507.30","17551.48","17565.59","17433.17","21330.39","20706.53"
"2022/08/30","17730.62","17636.10","17746.38","17605.54","21607.21","20974.55"
"2022/08/31","17679.30","17573.64","17679.30","17565.14","21545.34","20914.39"
"2022/09/01","17426.26","17525.20","17563.89","17418.46","21236.96","20615.05"
"2022/09/02","17381.70","17461.28","17468.07","17293.80","21182.66","20562.34"
"2022/09/05","17388.67","17343.46","17419.06","17305.87","21191.15","20570.58"
"2022/09/06","17378.90","17399.90","17493.52","17338.35","21179.25","20559.02"
"2022/09/07","17285.29","17328.04","17332.13","17201.18","21065.17","20448.29"
"2022/09/08","17670.41","17444.27","17670.41","17442.87","21534.50","20903.87"
"2022/09/09","17742.16","17687.61","17783.72","17674.50","21621.95","20988.76"
"2022/09/12","17868.89","17890.66","17910.55","17814.02","21776.38","21138.67"
"2022/09/13","17921.79","17877.68","17931.47","17839.90","21840.85","21201.25"
"2022/09/14","17547.62","17642.69","17652.92","17489.04","21384.86","20758.61"
"2022/09/15","17562.09","17551.74","17597.48","17525.30","21402.50","20775.74"
"2022/09/16","17446.38","17437.07","17484.44","17405.75","21262.14","20639.39"
"2022/09/20","17515.29","17558.12","17615.34","17487.65","21346.13","20720.92"
"2022/09/21","17278.52","17387.68","17410.03","17278.52","21057.57","20440.81"
"2022/09/22","17222.23","17126.23","17245.87","17107.55","20988.98","20374.23"
"2022/09/26","16734.55","16993.26","16993.26","16734.19","20394.63","19797.28"
"2022/09/27","16816.12","16818.64","16914.21","16801.15","20494.03","19893.78"
"2022/09/28","16653.82","16709.11","16769.49","16498.92","20296.24","19701.78"
"2022/09/29","16755.67","16649.67","16790.59","16611.66","20655.57","20015.28"
"2022/09/30","16468.29","16669.64","16701.26","16415.98","20301.49","19672.15"
"2022/10/03","16593.54","16396.69","16595.80","16293.27","20455.89","19821.76"
"2022/10/04","17142.99","16860.93","17147.83","16853.34","21133.23","20478.10"
"2022/10/05","17215.12","17279.34","17301.83","17177.03","21222.15","20564.26"
"2022/10/06","17294.71","17221.63","17371.36","17221.63","21320.27","20659.34"
"2022/10/07","17130.70","17069.14","17193.87","17042.21","21118.08","20463.42"
"2022/10/11","16790.23","16945.43","16962.82","16757.78","20698.37","20056.72"
"2022/10/12","16757.78","16748.21","16828.74","16733.93","20658.36","20017.95"
"2022/10/13","16631.39","16731.61","16741.29","16631.39","20502.55","19866.98"
"2022/10/14","17043.58","16884.21","17113.12","16871.67","21010.68","20359.35"
"2022/10/17","16845.51","16873.70","16897.19","16806.49","20766.51","20122.75"
"2022/10/18","17048.46","17054.44","17088.91","16925.41","21016.70","20365.18"
"2022/10/19","17080.23","17046.65","17138.30","17046.65","21055.86","20403.13"
"2022/10/20","16983.48","16936.94","17025.36","16908.67","20936.60","20287.57"
"2022/10/21","16875.71","16928.06","16951.53","16875.71","20803.74","20158.83"
"2022/10/24","16938.09","17072.11","17101.82","16936.05","20880.64","20233.34"
"2022/10/25","17126.86","17042.37","17173.87","17024.19","21113.34","20458.83"
"2022/10/26","17243.76","17213.26","17311.06","17210.65","21257.45","20598.47"
"2022/10/27","17139.54","17233.37","17233.37","17138.47","21128.98","20473.98"
"2022/10/28","17057.41","17035.29","17144.37","16987.16","21027.90","20376.01"
"2022/10/31","17322.84","17208.72","17322.84","17204.37","21355.66","20693.53"
"2022/11/01","17429.94","17373.31","17429.94","17335.54","21487.70","20821.47"
"2022/11/02","17441.66","17378.03","17469.83","17376.42","21502.15","20835.48"
"2022/11/04","17200.65","17295.71","17310.20","17119.67","21205.03","20547.57"
"2022/11/07","17399.14","17339.65","17431.21","17324.48","21449.72","20784.68"
"2022/11/08","17631.30","17504.42","17665.62","17504.23","21735.93","21062.02"
"2022/11/09","17571.35","17633.69","17650.65","17539.67","21662.02","20990.40"
"2022/11/10","17450.92","17432.79","17472.12","17390.17","21513.56","20846.54"
"2022/11/11","17877.96","17702.00","17892.29","17681.09","22040.01","21356.66"
"2022/11/14","17693.55","17855.51","17865.79","17693.55","21812.99","21136.63"
"2022/11/15","17764.58","17709.98","17782.11","17703.73","21900.56","21221.49"
"2022/11/16","17753.10","17767.93","17788.12","17622.61","21886.40","21207.77"
"2022/11/17","17750.96","17746.24","17817.94","17735.42","21883.78","21205.22"
"2022/11/18","17755.59","17795.75","17835.40","17742.68","21889.49","21210.76"
"2022/11/21","17800.97","17796.21","17828.74","17736.68","21945.43","21264.97"
"2022/11/22","17993.53","17893.95","18032.30","17890.15","22182.82","21495.00"
"2022/11/24","18229.85","18179.29","18271.76","18175.15","22474.16","21777.31"
"2022/11/25","18203.61","18230.09","18236.53","18172.77","22441.82","21745.96"
"2022/11/28","18071.09","18193.25","18206.01","18008.64","22278.44","21587.65"
"2022/11/29","17963.90","17977.63","17988.27","17898.89","22146.61","21459.86"
"2022/11/30","17899.26","17883.14","17913.00","17807.76","22075.59","21389.76"
"2022/12/01","17938.33","18006.66","18057.96","17938.33","22123.77","21436.44"
"2022/12/02","17645.79","17774.99","17774.99","17563.30","21762.98","21086.86"
"2022/12/05","17604.19","17636.90","17651.30","17540.40","21711.66","21037.14"
"2022/12/06","17642.55","17559.65","17672.44","17555.42","21758.98","21082.98"
"2022/12/07","17601.51","17535.63","17660.78","17525.92","21708.36","21033.94"
"2022/12/08","17541.44","17559.76","17569.01","17439.14","21634.28","20962.16"
"2022/12/09","17729.90","17597.47","17760.14","17597.47","21866.71","21187.36"
"2022/12/12","17687.11","17635.96","17713.79","17631.70","21813.94","21136.23"
"2022/12/13","17758.05","17837.69","17863.30","17745.77","21901.43","21221.01"
"2022/12/14","17878.45","17777.20","17884.53","17775.12","22049.92","21364.88"
"2022/12/15","17833.35","17776.92","17881.59","17771.97","21994.30","21310.99"
"2022/12/16","17603.22","17663.41","17687.91","17588.25","21710.47","21035.98"
"2022/12/19","17467.97","17478.20","17552.26","17457.08","21543.67","20874.36"
"2022/12/20","17210.56","17493.85","17559.14","17110.80","21226.19","20566.75"
"2022/12/21","17119.20","17217.16","17282.69","17095.02","21113.51","20457.57"
"2022/12/22","17234.47","17201.43","17250.33","17130.80","21255.68","20595.32"
"2022/12/23","17138.03","17102.38","17156.51","17041.31","21136.74","20480.07"
"2022/12/26","17177.98","17158.58","17231.03","17124.72","21186.01","20527.82"
"2022/12/27","17227.74","17282.00","17313.59","17224.66","21247.39","20587.29"
"2022/12/28","17218.23","17191.54","17223.18","17123.05","21235.65","20575.91"
"2022/12/29","17080.53","17059.11","17082.54","16953.55","21102.87","20441.75"
"2022/12/30","17039.51","17150.63","17184.68","17035.48","21052.19","20392.66"
"2023/01/04","16821.45","16911.65","16915.79","16759.95","20782.79","20131.70"
"2023/01/05","16834.04","16828.01","16888.05","16794.08","20798.34","20146.76"
"2023/01/06","16894.02","16796.99","16936.60","16780.10","20872.44","20218.55"
"2023/01/10","16955.41","17008.28","17068.50","16939.79","20948.29","20292.02"
"2023/01/11","17146.72","17048.27","17150.54","17041.84","21184.65","20520.97"
"2023/01/12","17224.51","17186.09","17241.93","17135.43","21280.76","20614.07"
"2023/01/13","17182.96","17181.34","17291.64","17141.39","21229.43","20564.34"
"2023/01/16","17030.20","17081.43","17126.83","17022.46","21040.69","20381.52"
"2023/01/17","17183.54","17074.47","17202.36","17047.80","21230.15","20565.04"
"2023/01/18","17482.46","17249.64","17499.06","17189.82","21599.45","20922.78"
"2023/01/19","17289.03","17361.36","17399.43","17278.02","21360.48","20691.29"
"2023/01/20","17377.34","17270.32","17385.23","17249.16","21469.58","20796.97"
"2023/01/23","17555.49","17549.77","17578.84","17488.07","21689.68","21010.18"
"2023/01/24","17814.77","17687.16","17831.78","17687.16","22010.02","21320.48"
"2023/01/25","17884.42","17766.01","17914.90","17764.87","22096.08","21403.84"
"2023/01/26","17866.42","17915.46","17955.68","17821.45","22073.83","21382.30"
"2023/01/27","17903.38","17920.52","17932.86","17852.92","22119.50","21426.53"
"2023/01/30","17902.64","17895.18","17939.71","17853.34","22120.29","21427.05"
"2023/01/31","17804.63","17940.15","17961.54","17789.32","21999.20","21309.75"
"2023/02/01","17786.94","17889.13","17934.52","17771.12","21977.34","21288.57"
"2023/02/02","17734.80","17810.34","17819.16","17698.09","21912.92","21226.17"
"2023/02/03","17780.89","17710.20","17824.92","17689.60","21969.86","21281.33"
"2023/02/06","17874.28","17913.91","17964.73","17846.01","22085.25","21393.10"
"2023/02/07","17912.87","17931.82","17971.16","17898.67","22132.93","21439.29"
"2023/02/08","17908.00","17946.42","17994.20","17872.90","22126.92","21433.47"
"2023/02/09","17919.00","17834.51","17945.82","17831.82","22140.52","21446.64"
"2023/02/10","17951.69","17927.66","18068.74","17888.51","22180.90","21485.75"
"2023/02/13","17867.23","17926.77","17956.18","17785.20","22076.54","21384.67"
"2023/02/14","18010.62","18025.78","18045.72","17962.46","22253.71","21556.28"
"2023/02/15","17956.17","18061.71","18076.88","17930.79","22186.44","21491.12"
"2023/02/16","18067.36","18030.19","18080.82","17997.36","22323.83","21624.20"
"2023/02/17","17982.75","17951.01","18029.27","17938.38","22219.28","21522.93"
"2023/02/20","18041.82","18005.11","18045.67","17951.99","22292.26","21593.62"
"2023/02/21","18020.99","18025.90","18073.47","17967.06","22266.53","21568.70"
"2023/02/22","17828.48","17911.53","17935.11","17780.73","22028.66","21338.29"
"2023/02/24","17945.35","17834.28","17958.36","17816.73","22173.07","21478.17"
"2023/02/27","17972.60","17896.36","17982.82","17892.66","22211.99","21515.09"
"2023/02/28","17972.44","18017.41","18051.73","17946.37","22212.78","21515.71"
"2023/03/01","18009.84","17939.25","18011.92","17888.22","22259.01","21560.49"
"2023/03/02","17980.10","18044.17","18070.77","17946.13","22222.25","21524.88"
"2023/03/03","18221.56","18083.04","18241.30","18052.05","22520.68","21813.95"
"2023/03/06","18384.28","18351.63","18405.44","18334.95","22721.80","22008.75"
"2023/03/07","18442.03","18365.14","18457.58","18361.23","22793.17","22077.89"
"2023/03/08","18487.59","18402.40","18506.56","18402.40","22849.48","22132.43"
"2023/03/09","18670.78","18611.23","18673.81","18605.92","23075.89","22351.73"
"2023/03/10","18306.09","18475.63","18508.11","18291.92","22625.16","21915.15"
"2023/03/13","18035.71","18120.52","18126.51","17911.79","22290.98","21591.45"
"2023/03/14","17555.55","17795.29","17796.63","17451.88","21697.53","21016.63"
"2023/03/15","17658.39","17729.49","17760.04","17583.78","21824.64","21139.75"
"2023/03/16","17455.68","17380.87","17476.85","17204.27","21574.10","20897.07"
"2023/03/17","17654.48","17592.64","17667.43","17541.61","21820.82","21135.90"
"2023/03/20","17392.22","17575.78","17648.52","17392.22","21496.66","20821.91"
"2023/03/22","17704.73","17636.12","17762.05","17628.92","21882.92","21196.05"
"2023/03/23","17648.85","17534.47","17678.89","17485.71","21813.85","21129.15"
"2023/03/24","17626.27","17590.77","17651.52","17548.32","21785.95","21102.12"
"2023/03/27","17688.67","17701.73","17733.14","17622.03","21863.07","21176.83"
"2023/03/28","17749.40","17789.56","17815.10","17692.64","21938.14","21249.54"
"2023/03/29","17991.84","17780.03","17991.84","17739.14","22237.79","21539.78"
"2023/03/30","17874.31","17897.95","17934.49","17790.22","22358.86","21617.14"
"2023/03/31","18057.76","18018.36","18121.10","18009.24","22588.54","21839.17"
"2023/04/03","18170.51","18152.11","18207.26","18095.18","22729.58","21975.53"
"2023/04/04","18225.85","18197.63","18233.09","18149.27","22798.80","22042.46"
"2023/04/05","17874.80","18084.30","18096.25","17859.09","22359.67","21617.89"
"2023/04/06","17671.32","17719.67","17732.77","17647.78","22105.14","21371.81"
"2023/04/07","17699.97","17708.27","17748.29","17675.53","22140.98","21406.46"
"2023/04/10","17794.86","17806.53","17850.51","17769.68","22259.68","21521.22"
"2023/04/11","17947.89","17933.71","18017.02","17882.20","22451.10","21706.29"
"2023/04/12","18090.48","18016.20","18099.27","18016.20","22629.47","21878.75"
"2023/04/13","18105.45","18038.81","18113.95","18019.07","22648.20","21896.85"
"2023/04/14","18214.35","18172.00","18229.11","18161.34","22784.41","22028.55"
"2023/04/17","18292.50","18265.00","18296.54","18215.71","22882.18","22123.07"
"2023/04/18","18413.10","18350.69","18437.68","18334.67","23033.04","22268.92"
"2023/04/19","18403.19","18399.81","18422.07","18334.59","23020.64","22256.93"
"2023/04/20","18388.90","18320.82","18412.03","18290.12","23002.76","22239.65"
"2023/04/21","18349.81","18322.94","18443.58","18315.82","22953.86","22192.37"
"2023/04/24","18359.44","18390.98","18415.00","18347.60","22965.91","22204.02"
"2023/04/25","18408.89","18446.09","18518.73","18394.47","23027.77","22263.83"
"2023/04/26","18240.82","18292.48","18308.62","18177.72","22817.53","22060.57"
"2023/04/27","18306.34","18178.25","18310.92","18148.42","22899.49","22139.80"
"2023/04/28","18520.14","18455.80","18520.14","18341.74","23167.58","22398.91"
"2023/05/01","18715.30","18647.39","18718.65","18628.68","23411.71","22634.94"
"2023/05/02","18701.18","18774.58","18776.44","18646.34","23394.05","22617.86"
"2023/05/08","18647.73","18683.04","18735.24","18621.75","23327.19","22553.22"
"2023/05/09","18894.08","18694.50","18894.08","18694.33","23635.36","22851.16"
"2023/05/10","18781.63","18879.08","18882.35","18757.72","23494.70","22715.17"
"2023/05/11","18763.17","18738.48","18778.45","18711.39","23471.60","22692.83"
"2023/05/12","18868.56","18812.09","18892.11","18759.87","23603.72","22820.53"
"2023/05/15","19054.44","18972.68","19054.59","18942.58","23836.24","23045.34"
"2023/05/16","19189.53","19163.53","19200.79","19126.47","24005.23","23208.72"
"2023/05/17","19246.92","19208.97","19272.30","19197.97","24077.03","23278.14"
"2023/05/18","19479.92","19425.73","19511.05","19373.85","24368.51","23559.95"
"2023/05/19","19542.18","19575.23","19623.92","19512.09","24446.41","23635.26"
"2023/05/22","19676.08","19515.72","19676.08","19496.28","24613.90","23797.19"
"2023/05/23","19588.71","19754.80","19808.33","19507.59","24504.61","23691.53"
"2023/05/24","19499.63","19493.14","19567.06","19446.66","24393.17","23583.79"
"2023/05/25","19434.03","19405.78","19515.37","19385.80","24311.11","23504.45"
"2023/05/26","19428.40","19484.47","19546.63","19428.40","24304.07","23497.64"
"2023/05/29","19594.32","19672.03","19724.95","19565.64","24511.63","23698.32"
"2023/05/30","19585.09","19560.00","19616.42","19452.39","24500.65","23687.61"
"2023/05/31","19331.68","19445.43","19500.22","19293.38","24192.59","23388.45"
"2023/06/01","19516.63","19332.11","19528.93","19305.68","24424.04","23612.21"
"2023/06/02","19816.62","19615.84","19821.51","19603.18","24799.46","23975.15"
"2023/06/05","20182.31","20066.00","20182.31","20033.08","25257.10","24417.58"
"2023/06/06","20364.92","20057.30","20369.08","20009.66","25485.63","24638.52"
"2023/06/07","20063.92","20444.51","20484.92","20048.74","25108.95","24274.35"
"2023/06/08","19923.09","20061.22","20137.26","19810.02","24932.70","24103.97"
"2023/06/09","20239.96","20054.56","20272.91","20045.48","25329.25","24487.33"
"2023/06/12","20375.20","20328.02","20405.65","20278.70","25498.50","24650.95"
"2023/06/13","20615.36","20477.79","20684.85","20468.05","25799.04","24941.50"
"2023/06/14","20881.30","20780.34","20965.90","20745.46","26131.85","25263.25"
"2023/06/15","20879.38","20873.07","21020.54","20799.24","26129.44","25260.93"
"2023/06/16","20948.94","20856.85","20985.05","20735.31","26216.50","25345.09"
"2023/06/19","20853.99","21028.17","21029.39","20750.63","26097.67","25230.21"
"2023/06/20","20779.45","20777.83","20820.58","20641.34","26004.39","25140.03"
"2023/06/21","20889.47","20682.22","20921.55","20669.44","26142.07","25273.13"
"2023/06/22","20899.60","20873.65","21042.53","20870.73","26154.75","25285.40"
"2023/06/23","20588.07","21003.00","21017.42","20479.25","25764.89","24908.49"
"2023/06/26","20533.66","20515.18","20629.58","20359.72","25696.79","24842.66"
"2023/06/27","20449.49","20523.16","20557.13","20310.91","25591.47","24740.83"
"2023/06/28","20849.52","20593.50","20849.52","20544.78","26092.08","25224.80"
"2023/06/29","20838.47","20914.65","20981.48","20785.27","26113.24","25240.08"
"2023/06/30","20765.91","20773.26","20797.01","20641.89","26022.39","25152.25"
"2023/07/03","21071.51","20942.16","21078.32","20937.24","26405.35","25522.40"
"2023/07/04","20905.62","20964.38","20981.45","20863.34","26197.46","25321.47"
"2023/07/05","20918.07","20793.38","20955.38","20741.92","26213.06","25336.55"
"2023/07/06","20637.32","20788.72","20814.73","20573.76","25861.25","24996.50"
"2023/07/07","20417.48","20466.59","20600.15","20366.24","25585.76","24730.22"
"2023/07/10","20304.28","20430.88","20493.83","20251.20","25443.90","24593.11"
"2023/07/11","20254.08","20430.07","20435.25","20204.91","25381.00","24532.31"
"2023/07/12","20115.21","20295.58","20325.55","20051.68","25206.97","24364.10"
"2023/07/13","20334.81","20181.43","20395.92","20093.70","25482.16","24630.09"
"2023/07/14","20310.46","20395.15","20472.43","20182.06","25451.65","24600.59"
"2023/07/18","20428.03","20309.75","20511.69","20309.48","25598.98","24743.00"
"2023/07/19","20667.41","20615.34","20667.41","20540.64","25898.95","25032.94"
"2023/07/20","20484.93","20645.44","20689.22","20472.98","25670.28","24811.91"
"2023/07/21","20497.54","20449.35","20566.58","20365.98","25686.08","24827.19"
"2023/07/24","20664.72","20648.57","20710.73","20590.48","25895.58","25029.68"
"2023/07/25","20696.25","20679.82","20707.65","20606.56","25935.10","25067.88"
"2023/07/26","20679.17","20708.05","20719.62","20578.00","25913.68","25047.18"
"2023/07/27","20794.41","20623.62","20817.05","20597.31","26058.10","25186.77"
"2023/07/28","20742.03","20580.33","20786.96","20408.22","25994.37","25124.89"
"2023/07/31","21043.08","20976.46","21111.86","20937.90","26371.68","25489.57"
"2023/08/01","21174.71","21092.76","21188.71","21035.27","26536.63","25649.01"
"2023/08/02","20801.35","20964.63","21053.43","20753.19","26068.73","25196.76"
"2023/08/03","20523.19","20638.02","20658.06","20492.45","25720.14","24859.83"
"2023/08/04","20575.71","20443.98","20605.29","20405.90","25785.95","24923.44"
"2023/08/07","20663.33","20462.39","20676.66","20442.79","25895.77","25029.58"
"2023/08/08","20741.21","20756.95","20816.32","20684.43","25993.37","25123.92"
"2023/08/09","20633.82","20720.91","20720.91","20604.49","25858.78","24993.83"
"2023/08/10","20828.29","20586.67","20843.62","20567.29","26102.49","25229.39"
"2023/08/14","20613.25","20855.68","20924.56","20580.10","25833.01","24968.92"
"2023/08/15","20698.34","20751.16","20766.74","20685.74","25939.63","25071.98"
"2023/08/16","20424.29","20513.33","20556.64","20421.90","25596.19","24740.03"
"2023/08/17","20345.85","20342.63","20366.72","20121.96","25497.89","24645.01"
"2023/08/18","20225.93","20166.36","20319.95","20139.06","25347.60","24499.74"
"2023/08/21","20252.31","20267.73","20367.38","20183.84","25380.67","24531.71"
"2023/08/22","20482.39","20374.52","20485.87","20350.74","25669.00","24810.40"
"2023/08/23","20580.09","20383.65","20588.33","20383.65","25791.44","24928.74"
"2023/08/24","20686.58","20614.96","20713.74","20599.66","25924.90","25057.74"
"2023/08/25","20470.86","20468.11","20550.33","20448.60","25654.55","24796.43"
"2023/08/28","20802.82","20645.40","20817.31","20633.05","26070.57","25198.54"
"2023/08/29","20822.56","20862.86","20909.92","20789.58","26095.32","25222.46"
"2023/08/30","20924.51","20934.29","21019.69","20892.68","26228.52","25350.40"
"2023/08/31","21080.70","20929.58","21127.28","20928.37","26425.20","25540.36"
"2023/09/01","21237.22","21053.91","21288.45","21048.58","26621.41","25729.99"
"2023/09/04","21451.29","21305.17","21451.29","21260.62","26889.74","25989.35"
"2023/09/05","21493.44","21468.97","21504.46","21338.13","26942.58","26040.41"
"2023/09/06","21621.32","21550.42","21657.79","21541.78","27102.89","26195.36"
"2023/09/07","21519.51","21564.18","21660.16","21506.49","26975.26","26072.00"
"2023/09/08","21309.53","21419.22","21510.59","21269.05","26712.04","25817.60"
"2023/09/11","21302.13","21393.37","21437.08","21245.26","26702.77","25808.64"
"2023/09/12","21459.83","21394.55","21468.76","21287.28","26900.46","25999.70"
"2023/09/13","21421.59","21453.65","21512.91","21372.44","26852.52","25953.37"
"2023/09/14","21684.80","21536.58","21730.84","21492.59","27182.46","26272.26"
"2023/09/15","21896.90","21815.36","21987.22","21809.82","27448.33","26529.23"
"2023/09/19","21889.21","21812.26","21912.58","21758.35","27439.56","26520.63"
"2023/09/20","21691.76","21907.23","21914.92","21679.23","27192.04","26281.40"
"2023/09/21","21462.32","21630.41","21683.06","21443.50","26904.43","26003.42"
"2023/09/22","21381.25","21243.02","21480.40","21200.13","26802.79","25905.18"
"2023/09/25","21481.78","21458.05","21518.02","21370.38","26928.82","26026.99"
"2023/09/26","21347.75","21497.99","21501.99","21332.80","26760.81","25864.60"
"2023/09/27","21410.85","21194.75","21410.85","21127.43","26839.90","25941.05"
"2023/09/28","21107.68","21208.78","21279.58","20984.36","26706.69","25775.48"
"2023/09/29","20914.06","21144.56","21149.56","20843.99","26461.72","25539.04"
"2023/10/02","20830.92","21044.87","21202.84","20829.09","26356.52","25437.52"
"2023/10/03","20501.34","20747.89","20747.89","20455.21","25939.51","25035.05"
"2023/10/04","20004.41","20220.02","20252.05","19984.21","25310.77","24428.23"
"2023/10/05","20387.52","20135.71","20407.04","20043.36","25795.51","24896.06"
"2023/10/06","20379.45","20383.03","20511.63","20318.26","25785.30","24886.21"
"2023/10/10","20843.74","20587.23","20881.94","20585.26","26372.74","25453.16"
"2023/10/11","20809.60","20860.42","20913.98","20785.03","26329.54","25411.47"
"2023/10/12","21133.55","20923.14","21142.43","20923.14","26739.43","25807.07"
"2023/10/13","20832.34","20959.62","21023.17","20786.68","26358.32","25439.25"
"2023/10/16","20520.51","20648.45","20679.07","20454.54","25963.77","25058.46"
"2023/10/17","20695.43","20740.53","20852.36","20604.67","26185.09","25272.06"
"2023/10/18","20698.47","20721.34","20730.04","20565.94","26188.94","25275.78"
"2023/10/19","20377.92","20419.29","20517.30","20332.15","25783.36","24884.34"
"2023/10/20","20306.95","20224.98","20414.90","20185.04","25693.56","24797.67"
"2023/10/23","20150.76","20214.90","20273.63","20150.76","25495.94","24606.94"
"2023/10/24","20152.93","20210.07","20226.18","19769.20","25498.69","24609.59"
"2023/10/25","20275.16","20302.49","20409.01","20237.69","25653.34","24758.85"
"2023/10/26","19980.85","20103.92","20171.86","19926.05","25280.96","24399.46"
"2023/10/27","20250.47","20068.54","20277.17","20034.27","25622.10","24728.70"
"2023/10/30","20036.54","20044.15","20097.86","19951.03","25351.63","24467.63"
"2023/10/31","20186.13","20116.76","20267.19","20011.75","25542.53","24651.63"
"2023/11/01","20725.70","20484.56","20741.43","20472.87","26225.27","25310.56"
"2023/11/02","20820.16","20922.64","20956.06","20757.44","26344.80","25425.92"
"2023/11/06","21197.41","21101.59","21266.00","21058.79","26822.15","25886.62"
"2023/11/07","20942.95","21140.70","21180.20","20926.60","26500.17","25575.87"
"2023/11/08","20744.07","21007.85","21010.19","20655.53","26248.52","25333.00"
"2023/11/09","21025.98","20816.25","21073.72","20725.76","26605.24","25677.27"
"2023/11/10","21026.32","20909.26","21039.15","20831.24","26605.67","25677.69"
"2023/11/13","21028.88","21156.29","21170.01","20974.28","26608.90","25680.81"
"2023/11/14","21114.87","21162.23","21198.10","21109.60","26718.04","25786.09"
"2023/11/15","21420.69","21347.76","21448.17","21317.32","27105.03","26159.58"
"2023/11/16","21391.81","21367.92","21518.54","21298.87","27068.48","26124.31"
"2023/11/17","21581.82","21329.22","21581.82","21312.50","27308.97","26356.40"
"2023/11/20","21441.63","21577.70","21724.76","21402.39","27131.58","26185.20"
"2023/11/21","21392.68","21446.54","21452.29","21286.04","27069.64","26125.42"
"2023/11/22","21490.81","21308.80","21556.74","21304.13","27193.81","26245.26"
"2023/11/24","21621.08","21670.74","21698.55","21601.92","27358.66","26404.36"
"2023/11/27","21530.66","21659.33","21711.95","21492.20","27244.24","26293.93"
"2023/11/28","21462.34","21559.16","21566.60","21387.26","27157.79","26210.49"
"2023/11/29","21348.32","21357.69","21454.75","21292.43","27013.72","26071.42"
"2023/11/30","21446.17","21315.55","21446.17","21252.10","27146.11","26197.92"
"2023/12/01","21512.99","21537.00","21560.87","21469.79","27230.69","26279.54"
"2023/12/04","21337.90","21417.42","21419.92","21201.45","27009.06","26065.66"
"2023/12/05","21137.09","21279.09","21334.83","21102.55","26754.88","25820.36"
"2023/12/06","21531.06","21203.95","21549.61","21196.69","27253.56","26301.62"
"2023/12/07","21253.69","21370.78","21384.65","21209.39","26902.47","25962.79"
"2023/12/08","20924.45","21101.07","21134.47","20858.77","26485.72","25560.60"
"2023/12/11","21225.22","21117.06","21285.83","21100.31","26866.43","25928.01"
"2023/12/12","21194.39","21357.52","21378.60","21181.44","26827.40","25890.35"
"2023/12/13","21204.82","21244.72","21274.09","21131.70","26840.61","25903.10"
"2023/12/14","20926.99","21163.62","21212.81","20838.37","26488.94","25563.71"
"2023/12/15","21036.35","20955.31","21130.62","20945.43","26627.37","25697.30"
"2023/12/18","20888.47","20876.34","20902.46","20705.42","26440.18","25516.66"
"2023/12/19","21069.08","20888.01","21084.47","20779.23","26668.80","25737.29"
"2023/12/20","21245.42","21160.35","21356.24","21153.79","26892.01","25952.70"
"2023/12/21","21030.69","21025.04","21074.75","20981.22","26620.21","25690.39"
"2023/12/22","21121.61","21084.05","21225.02","21068.83","26735.29","25801.45"
"2023/12/25","21131.45","21284.52","21284.52","21112.25","26747.75","25813.47"
"2023/12/26","21152.28","21146.94","21164.81","21068.85","26774.11","25838.92"
"2023/12/27","21393.20","21274.61","21420.16","21272.26","27079.06","26133.22"
"2023/12/28","21358.33","21283.24","21374.22","21267.29","27072.01","26120.92"
"2023/12/29","21380.00","21349.76","21470.31","21259.26","27099.47","26147.42"
"2024/01/04","21486.73","21311.09","21499.20","21088.93","27234.75","26277.95"
"2024/01/05","21596.86","21565.50","21669.96","21512.77","27374.35","26412.64"
"2024/01/09","21771.93","21778.32","21950.33","21667.61","27596.26","26626.75"
"2024/01/10","22072.85","21805.54","22124.60","21803.03","27977.68","26994.77"
"2024/01/11","22442.09","22332.11","22507.90","22329.05","28445.69","27446.34"
"2024/01/12","22580.45","22667.59","22699.71","22488.50","28621.06","27615.56"
"2024/01/15","22860.42","22629.93","22898.87","22603.64","28975.93","27957.95"
"2024/01/16","22660.90","22848.88","22868.36","22639.77","28723.03","27713.94"
"2024/01/17","22574.49","22751.59","23008.14","22567.33","28613.51","27608.27"
"2024/01/18","22518.10","22516.57","22675.88","22499.98","28542.04","27539.31"
"2024/01/19","22718.15","22771.36","22785.11","22614.15","28795.61","27783.97"
"2024/01/22","23038.09","22877.11","23042.09","22855.60","29201.13","28175.24"
"2024/01/23","23025.91","23093.92","23240.97","22946.92","29185.69","28160.35"
"2024/01/24","22896.89","22954.30","23007.05","22828.71","29022.16","28002.56"
"2024/01/25","22897.13","22883.91","22925.40","22733.08","29022.46","28002.85"
"2024/01/26","22584.33","22780.83","22795.86","22566.15","28625.99","27620.31"
"2024/01/29","22860.90","22694.70","22926.86","22694.70","28976.54","27958.54"
"2024/01/30","22850.45","22911.86","22965.43","22847.28","28965.34","27947.43"
"2024/01/31","23058.74","22718.36","23058.74","22718.36","29229.42","28202.23"
"2024/02/01","22901.02","22891.11","22983.46","22836.99","29029.48","28009.32"
"2024/02/02","22952.86","23000.46","23072.94","22883.31","29095.21","28072.73"
"2024/02/05","23109.42","23118.18","23152.18","23005.01","29293.66","28264.21"
"2024/02/06","22907.40","23015.95","23037.16","22872.27","29037.58","28017.13"
"2024/02/07","22976.05","22864.45","23040.32","22832.29","29124.60","28101.09"
"2024/02/08","23126.34","23042.09","23211.16","22941.36","29315.11","28284.90"
"2024/02/09","23100.47","23115.06","23268.40","23027.78","29282.32","28253.27"
"2024/02/13","23589.72","23289.37","23609.29","23264.49","29902.49","28851.64"
"2024/02/14","23332.51","23443.00","23452.38","23237.37","29576.45","28537.07"
"2024/02/15","23462.21","23481.26","23500.80","23366.71","29740.86","28695.69"
"2024/02/16","23761.68","23669.88","23902.77","23653.58","30120.47","29061.97"
"2024/02/19","23849.54","23759.49","23852.94","23710.74","30232.04","29169.58"
"2024/02/20","23803.14","23905.28","23933.54","23740.89","30173.21","29112.83"
"2024/02/21","23749.13","23735.96","23790.86","23639.83","30104.75","29046.77"
"2024/02/22","24066.07","23865.78","24095.29","23861.03","30506.52","29434.42"
"2024/02/26","24189.20","24189.67","24308.74","24124.12","30662.60","29585.01"
"2024/02/27","24230.73","24192.55","24352.10","24179.49","30715.24","29635.80"
"2024/02/28","24184.89","24234.09","24252.85","24110.80","30662.91","29584.46"
"2024/02/29","24166.47","24094.23","24222.78","23987.03","30646.53","29567.62"
"2024/03/01","24501.88","24190.54","24529.50","24183.58","31071.88","29978.00"
"2024/03/04","24508.36","24614.23","24647.47","24471.66","31080.10","29985.93"
"2024/03/05","24623.65","24412.51","24670.30","24395.62","31226.31","30126.99"
"2024/03/06","24700.27","24501.14","24728.21","24461.39","31323.47","30220.73"
"2024/03/07","24571.49","24828.19","24932.37","24530.31","31160.16","30063.17"
"2024/03/08","24665.12","24561.18","24815.47","24462.64","31278.89","30177.73"
"2024/03/11","24112.48","24397.14","24401.29","23862.25","30578.07","29501.57"
"2024/03/12","24008.43","23852.69","24013.44","23662.04","30446.12","29374.27"
"2024/03/13","23932.33","24173.62","24225.96","23788.01","30349.61","29281.15"
"2024/03/14","24047.43","23903.92","24060.93","23816.71","30495.57","29421.98"
"2024/03/15","24126.72","23960.36","24213.10","23959.88","30596.12","29518.99"
"2024/03/18","24629.13","24286.09","24641.25","24262.37","31234.15","30134.42"
"2024/03/19","24884.79","24584.15","24884.79","24538.38","31558.38","30447.24"
"2024/03/21","25310.67","25173.59","25329.85","25159.80","32098.46","30968.31"
"2024/03/22","25437.98","25411.14","25513.01","25308.64","32259.92","31124.08"
"2024/03/25","25090.69","25360.68","25370.06","25089.80","31819.49","30699.16"
"2024/03/26","25127.85","25045.99","25182.17","25007.52","31866.62","30744.63"
"2024/03/27","25313.90","25246.44","25436.95","25208.24","32102.56","30972.26"
"2024/03/28","24898.84","25012.37","25145.17","24844.81","31869.14","30703.43"
"2024/03/29","25047.25","24995.83","25125.57","24959.51","32059.27","30886.59"
"2024/04/01","24629.09","25180.79","25197.67","24544.93","31524.05","30370.94"
"2024/04/02","24609.61","24679.96","24839.36","24523.76","31499.12","30346.92"
"2024/04/03","24511.23","24430.75","24602.28","24325.90","31373.19","30225.60"
"2024/04/04","24760.28","24758.03","24945.07","24733.89","31691.97","30532.71"
"2024/04/05","24480.24","24470.00","24523.85","24286.93","31333.53","30187.39"
"2024/04/08","24711.54","24677.64","24844.34","24622.17","31629.58","30472.61"
"2024/04/09","24958.62","24806.95","24960.82","24749.51","31945.83","30777.29"
"2024/04/10","24818.00","24832.98","24908.31","24788.15","31765.84","30603.89"
"2024/04/11","24856.13","24586.14","24876.54","24586.14","31814.65","30650.91"
"2024/04/12","24992.63","25004.64","25077.54","24908.63","31989.37","30819.23"
"2024/04/15","24919.09","24734.29","24919.09","24620.84","31895.23","30728.54"
"2024/04/16","24430.99","24696.64","24714.93","24360.84","31270.48","30126.65"
"2024/04/17","24136.74","24501.64","24507.45","24136.74","30893.87","29763.81"
"2024/04/18","24235.71","24026.62","24340.81","23989.26","31020.54","29885.85"
"2024/04/19","23768.83","24069.95","24096.74","23521.85","30422.96","29310.13"
"2024/04/22","24097.26","23969.80","24189.70","23912.24","30843.33","29715.12"
"2024/04/23","24135.19","24287.94","24314.78","24048.70","30891.88","29761.89"
"2024/04/24","24579.45","24250.79","24579.45","24235.26","31460.50","30309.72"
"2024/04/25","24163.54","24409.36","24484.46","24154.48","30928.17","29796.85"
"2024/04/26","24368.99","24188.60","24437.80","24063.89","31191.14","30050.20"
"2024/04/30","24932.44","24642.37","24979.67","24619.66","31913.53","30745.99"
"2024/05/01","24809.81","24787.93","24906.34","24683.30","31756.56","30594.77"
"2024/05/02","24812.14","24722.17","24871.59","24650.51","31759.55","30597.65"
"2024/05/07","24998.80","25025.17","25045.06","24822.94","31998.47","30827.83"
"2024/05/08","24599.17","24899.12","24940.46","24598.58","31486.94","30335.01"
"2024/05/09","24677.34","24697.51","24835.25","24627.85","31587.00","30431.41"
"2024/05/10","24855.98","24817.38","25099.67","24774.76","31815.65","30651.70"
"2024/05/13","24796.48","24808.27","24846.66","24695.53","31739.51","30578.34"
"2024/05/14","24857.54","24858.58","24974.64","24679.78","31818.01","30653.91"
"2024/05/15","24873.22","24925.17","25109.28","24861.02","31838.07","30673.25"
"2024/05/16","25020.70","24986.63","25063.27","24835.48","32026.84","30855.11"
"2024/05/17","25062.50","24874.98","25096.25","24853.80","32080.43","30906.72"
"2024/05/20","25269.30","25064.47","25429.89","25037.38","32345.14","31161.75"
"2024/05/21","25199.95","25321.49","25446.41","25192.20","32256.37","31076.22"
"2024/05/22","24987.93","25146.84","25181.15","24987.93","31984.97","30814.76"
"2024/05/23","25170.12","25040.49","25186.59","24862.94","32218.18","31039.43"
"2024/05/24","25047.84","24830.19","25103.61","24801.02","32061.66","30888.64"
"2024/05/27","25262.13","25119.33","25262.13","25088.00","32335.95","31152.90"
"2024/05/28","25276.47","25255.55","25309.13","25200.63","32354.31","31170.58"
"2024/05/29","25043.69","25272.88","25427.98","25031.83","32056.35","30883.53"
"2024/05/30","24870.02","24765.29","24919.48","24593.17","31834.82","30669.99"
"2024/05/31","25286.82","24972.84","25316.92","24972.03","32392.40","31203.62"
"2024/06/03","25558.56","25474.81","25645.33","25474.81","32740.50","31538.94"
"2024/06/04","25459.96","25431.84","25574.21","25354.98","32614.19","31417.27"
"2024/06/05","25094.91","25298.02","25311.45","25031.99","32146.56","30966.80"
"2024/06/06","25179.38","25264.20","25334.06","25159.22","32254.76","31071.03"
"2024/06/07","25175.51","25128.10","25213.41","25100.08","32249.81","31066.26"
"2024/06/10","25421.57","25213.99","25445.55","25213.99","32565.01","31369.89"
"2024/06/11","25379.30","25497.10","25611.22","25350.52","32510.86","31317.73"
"2024/06/12","25200.38","25160.86","25235.68","25147.09","32281.67","31096.95"
"2024/06/13","25005.65","25316.46","25344.88","25000.17","32032.21","30856.65"
"2024/06/14","25130.50","24875.32","25216.32","24875.32","32192.15","31010.71"
"2024/06/17","24703.64","24935.13","24935.13","24633.13","31645.34","30483.97"
"2024/06/18","24853.21","24885.55","24904.63","24777.60","31836.94","30668.54"
"2024/06/19","24951.44","24950.10","25023.44","24878.06","31962.77","30789.75"
"2024/06/20","24936.85","24852.66","24940.50","24736.47","31944.09","30771.76"
"2024/06/21","24927.54","25000.90","25131.98","24927.43","31932.16","30760.26"
"2024/06/24","25056.86","24907.72","25146.09","24889.39","32097.81","30919.84"
"2024/06/25","25474.79","25171.22","25489.18","25152.18","32633.18","31435.56"
"2024/06/26","25632.11","25536.93","25665.56","25424.09","32834.71","31629.70"
"2024/06/27","25516.86","25521.93","25557.33","25411.40","32724.60","31518.08"
"2024/06/28","25684.60","25674.03","25796.01","25627.73","32940.87","31726.21"
"2024/07/01","25831.51","25889.96","25967.41","25760.76","33129.28","31907.68"
"2024/07/02","26152.44","25858.99","26189.25","25804.99","33540.88","32304.09"
"2024/07/03","26332.83","26199.46","26365.01","26108.84","33772.23","32526.92"
"2024/07/04","26591.43","26419.49","26617.70","26400.09","34103.89","32846.35"
"2024/07/05","26484.69","26608.21","26673.79","26427.62","33966.99","32714.50"
"2024/07/08","26343.74","26423.53","26535.18","26343.60","33786.22","32540.39"
"2024/07/09","26609.42","26388.04","26715.86","26337.10","34126.97","32868.57"
"2024/07/10","26740.01","26562.84","26746.59","26521.10","34294.45","33029.88"
"2024/07/11","26924.18","27029.35","27097.29","26871.75","34530.64","33257.36"
"2024/07/12","26533.77","26583.41","26748.01","26500.56","34029.94","32775.12"
"2024/07/16","26644.79","26644.40","26795.61","26608.10","34172.33","32912.26"
"2024/07/17","26753.41","26785.87","26871.96","26703.69","34311.63","33046.42"
"2024/07/18","26315.86","26427.01","26548.12","26315.86","33750.47","32505.95"
"2024/07/19","26245.41","26226.80","26340.81","26093.65","33660.11","32418.93"
"2024/07/22","25931.12","26210.44","26230.45","25895.27","33257.03","32030.71"
"2024/07/23","25973.98","26061.88","26145.19","25907.10","33312.00","32083.66"
"2024/07/24","25604.58","25837.59","25942.06","25581.83","32838.24","31627.37"
"2024/07/25","24783.99","25225.55","25248.46","24741.09","31785.83","30613.76"
"2024/07/26","24711.24","24731.21","24969.09","24646.44","31692.53","30523.90"
"2024/07/29","25271.28","25015.12","25363.79","24918.43","32410.77","31215.66"
"2024/07/30","25229.41","25094.01","25255.44","25019.40","32359.31","31165.77"
"2024/07/31","25602.63","25013.02","25654.01","24915.03","32838.04","31626.83"
"2024/08/01","24788.29","25350.39","25360.41","24593.36","31793.55","30620.87"
"2024/08/02","23248.54","24337.02","24364.60","23231.93","29818.66","28718.83"
"2024/08/05","20365.07","22799.65","22810.34","20186.59","26120.32","25156.89"
"2024/08/06","22289.31","20763.08","22596.92","20757.75","28588.35","27533.89"
"2024/08/07","22834.07","21993.96","23328.58","21907.14","29287.06","28206.83"
"2024/08/08","22571.52","22557.29","22983.89","22371.43","28950.32","27882.51"
"2024/08/09","22768.26","22889.32","23049.81","22403.29","29202.66","28125.54"
"2024/08/13","23445.78","23023.48","23445.78","23019.11","30071.65","28962.48"
"2024/08/14","23676.03","23621.01","23838.92","23486.54","30366.97","29246.91"
"2024/08/15","23866.25","23685.56","24019.85","23685.56","30610.95","29481.89"
"2024/08/16","24610.18","24262.68","24628.36","24253.05","31565.11","30400.85"
"2024/08/19","24260.69","24484.36","24625.83","24220.07","31117.13","29969.36"
"2024/08/20","24510.32","24512.13","24603.18","24378.55","31437.30","30277.72"
"2024/08/21","24443.27","24235.15","24475.53","24235.15","31351.30","30194.89"
"2024/08/22","24517.47","24419.12","24572.56","24379.99","31446.48","30286.56"
"2024/08/23","24646.52","24586.52","24676.79","24444.72","31612.00","30445.98"
"2024/08/26","24425.43","24506.55","24530.82","24279.19","31328.42","30172.85"
"2024/08/27","24589.02","24432.45","24625.91","24345.41","31538.24","30374.94"
"2024/08/28","24680.19","24523.25","24680.19","24487.78","31655.18","30487.56"
"2024/08/29","24707.41","24610.54","24712.56","24549.07","31696.42","30526.35"
"2024/08/30","24868.22","24728.00","24883.81","24711.54","31903.89","30725.99"
"2024/09/02","24895.96","25063.92","25069.62","24754.10","31939.47","30760.25"
"2024/09/03","25039.93","24902.51","25106.47","24902.51","32124.17","30938.14"
"2024/09/04","24129.16","24587.97","24616.34","24035.19","30955.74","29812.84"
"2024/09/05","24011.48","23834.96","24308.07","23744.90","30804.76","29667.44"
"2024/09/06","23794.14","23987.57","24062.86","23672.29","30525.92","29398.90"
"2024/09/09","23654.86","23397.32","23692.52","23122.61","30347.24","29226.81"
"2024/09/10","23577.21","23712.11","23842.60","23571.87","30247.62","29130.87"
"2024/09/11","23163.43","23464.09","23485.08","22952.36","29716.77","28619.62"
"2024/09/12","23722.30","23506.70","23823.95","23500.10","30433.77","29310.14"
"2024/09/13","23517.49","23657.40","23686.54","23444.52","30171.01","29057.08"
"2024/09/17","23387.62","23555.53","23611.45","23067.62","30004.40","28896.63"
"2024/09/18","23452.28","23550.89","23631.08","23256.56","30087.36","28976.52"
"2024/09/19","23898.19","23781.43","24048.90","23781.43","30660.48","29528.32"
"2024/09/20","24123.88","24224.63","24289.06","24098.42","30950.03","29807.18"
"2024/09/24","24265.09","24354.64","24453.96","24238.83","31131.19","29981.65"
"2024/09/25","24216.97","24242.52","24323.79","24168.87","31069.46","29922.20"
"2024/09/26","24847.08","24418.68","24847.08","24388.04","31877.87","30700.76"
"2024/09/27","25077.81","24813.49","25092.03","24657.86","32485.83","31239.89"
"2024/09/30","24195.89","24656.48","24674.24","24100.74","31343.39","30141.26"
"2024/10/01","24610.05","24334.27","24660.87","24326.74","31879.89","30657.19"
"2024/10/02","24262.78","24335.24","24507.17","24166.41","31430.03","30224.59"
"2024/10/03","24572.26","24666.73","24810.41","24530.06","31830.94","30610.11"
"2024/10/04","24664.48","24606.11","24706.93","24566.33","31950.39","30724.99"
"2024/10/07","25054.46","25026.53","25174.38","24982.70","32455.57","31210.79"
"2024/10/08","24698.94","24846.10","24855.39","24642.14","31995.04","30767.92"
"2024/10/09","24790.65","24916.49","24950.67","24684.15","32113.84","30882.16"
"2024/10/10","24844.50","24972.97","24991.08","24806.55","32183.59","30949.24"
"2024/10/11","24779.75","24914.71","24949.55","24761.64","32099.72","30868.58"
"2024/10/15","24884.01","25024.04","25056.07","24884.00","32234.78","30998.46"
"2024/10/16","24587.96","24590.23","24765.72","24508.37","31851.28","30629.67"
"2024/10/17","24537.13","24669.85","24728.24","24532.33","31785.43","30566.35"
"2024/10/18","24562.33","24637.97","24688.71","24516.61","31818.06","30597.73"
"2024/10/21","24487.53","24544.71","24604.93","24400.64","31721.17","30504.56"
"2024/10/22","24226.73","24436.69","24499.24","24076.06","31383.34","30179.68"
"2024/10/23","24090.95","24213.24","24326.59","24036.42","31207.44","30010.53"
"2024/10/24","24082.82","23878.38","24171.70","23809.95","31196.91","30000.41"
"2024/10/25","23912.60","23975.21","24033.69","23806.25","30976.41","29788.36"
"2024/10/28","24261.36","23789.14","24328.28","23789.14","31428.19","30222.82"
"2024/10/29","24472.50","24278.26","24489.41","24217.59","31701.70","30485.83"
"2024/10/30","24661.50","24524.87","24756.11","24524.87","31946.76","30721.46"
"2024/10/31","24589.41","24605.49","24658.82","24441.99","31854.88","30632.88"
"2024/11/01","24149.30","24269.54","24396.35","24091.14","31284.72","30084.60"
"2024/11/05","24370.56","24264.96","24433.99","24160.70","31571.36","30360.24"
"2024/11/06","24818.93","24458.14","24960.40","24452.69","32152.21","30918.81"
"2024/11/07","25028.73","25031.00","25230.02","24783.08","32423.99","31180.17"
"2024/11/08","25032.74","25194.53","25224.73","24955.08","32429.19","31185.16"
"2024/11/11","24975.18","24986.69","25113.52","24901.36","32354.63","31113.46"
"2024/11/12","24972.01","25088.03","25246.89","24893.10","32350.51","31109.50"
"2024/11/13","24654.04","24932.62","24952.05","24570.87","31938.60","30713.39"
"2024/11/14","24600.39","24729.52","24913.40","24600.39","31869.50","30646.89"
"2024/11/15","24694.25","24749.55","24887.10","24694.25","31991.10","30763.82"
"2024/11/18","24504.19","24508.75","24655.85","24477.21","31744.88","30527.04"
"2024/11/19","24655.18","24608.24","24716.55","24497.61","31940.58","30715.22"
"2024/11/20","24559.13","24666.40","24744.90","24496.70","31816.14","30595.55"
"2024/11/21","24419.59","24576.77","24597.97","24401.28","31635.37","30421.72"
"2024/11/22","24542.90","24468.28","24621.43","24437.96","31795.11","30575.34"
"2024/11/25","24717.97","24745.14","24882.34","24689.78","32021.91","30793.43"
"2024/11/26","24471.42","24599.41","24602.88","24291.95","31702.51","30486.29"
"2024/11/27","24259.11","24430.29","24437.57","24163.31","31427.47","30221.80"
"2024/11/28","24433.61","24181.74","24487.95","24131.39","31653.75","30439.36"
"2024/11/29","24380.26","24382.54","24421.19","24259.07","31592.48","30379.29"
"本資料は日経ならびにＪＰＸ総研の著作物であり、本資料の全部又は一部を、いかなる形式によっても日経ならびにＪＰＸ総研に無断で複写、複製、転載または流布することができません。"
