データ日付,終値,始値,高値,安値
"2021/01/04","21.23","23.78","24.65","20.32"
"2021/01/05","22.06","25.87","25.95","21.54"
"2021/01/06","21.72","22.09","22.51","21.06"
"2021/01/07","20.58","21.91","21.91","19.88"
"2021/01/08","20.70","20.04","21.31","19.90"
"2021/01/12","21.48","21.90","22.21","21.43"
"2021/01/13","20.87","21.81","21.81","20.37"
"2021/01/14","21.93","20.92","22.95","20.68"
"2021/01/15","23.04","21.80","23.45","21.76"
"2021/01/18","24.29","24.29","24.95","23.95"
"2021/01/19","23.11","23.48","23.56","22.87"
"2021/01/20","23.71","23.20","24.29","23.06"
"2021/01/21","21.56","23.06","23.06","21.52"
"2021/01/22","21.20","21.68","21.71","20.96"
"2021/01/25","20.90","21.79","21.81","20.85"
"2021/01/26","22.82","21.39","22.96","21.18"
"2021/01/27","22.31","22.04","23.31","21.85"
"2021/01/28","27.26","26.69","28.63","16.88"
"2021/01/29","28.63","25.49","29.56","24.70"
"2021/02/01","25.64","28.96","28.96","25.64"
"2021/02/02","23.66","25.12","25.38","22.96"
"2021/02/03","21.38","22.47","22.78","21.38"
"2021/02/04","22.16","21.23","22.48","20.99"
"2021/02/05","20.79","24.21","24.31","20.23"
"2021/02/08","21.34","22.44","22.55","21.34"
"2021/02/09","21.83","22.45","22.48","21.60"
"2021/02/10","22.30","22.28","22.72","21.55"
"2021/02/12","22.27","22.46","22.77","22.27"
"2021/02/15","22.39","22.28","23.07","21.84"
"2021/02/16","24.11","23.27","24.79","22.82"
"2021/02/17","23.63","24.79","24.87","23.53"
"2021/02/18","23.23","24.07","24.07","22.74"
"2021/02/19","24.42","24.14","26.20","23.61"
"2021/02/22","24.95","23.88","25.09","23.33"
"2021/02/24","26.53","25.60","26.68","24.68"
"2021/02/25","23.74","24.71","24.71","23.45"
"2021/02/26","28.30","25.68","29.99","25.68"
"2021/03/01","26.24","27.65","27.65","25.90"
"2021/03/02","24.92","25.11","25.78","23.38"
"2021/03/03","23.23","24.48","24.56","23.12"
"2021/03/04","25.91","24.90","27.80","24.90"
"2021/03/05","26.61","26.42","29.34","26.09"
"2021/03/08","26.89","27.64","27.64","24.31"
"2021/03/09","25.19","26.83","27.10","25.19"
"2021/03/10","24.91","24.32","25.25","24.32"
"2021/03/11","23.59","23.63","24.04","23.31"
"2021/03/12","22.01","22.23","23.34","22.01"
"2021/03/15","22.42","22.50","22.56","21.78"
"2021/03/16","21.60","22.20","22.20","21.29"
"2021/03/17","21.58","21.74","21.98","21.35"
"2021/03/18","20.62","21.06","21.43","20.53"
"2021/03/19","22.34","21.46","22.77","20.18"
"2021/03/22","24.39","22.81","24.64","22.81"
"2021/03/23","23.89","23.20","24.01","22.26"
"2021/03/24","25.65","23.83","25.82","23.78"
"2021/03/25","22.65","24.38","24.53","22.65"
"2021/03/26","21.43","22.36","22.65","21.43"
"2021/03/29","23.12","21.95","23.38","21.55"
"2021/03/30","21.16","22.19","22.19","21.16"
"2021/03/31","21.04","21.61","21.84","20.82"
"2021/04/01","19.76","20.42","20.78","19.72"
"2021/04/02","19.41","19.32","19.85","19.03"
"2021/04/05","18.86","19.45","20.08","18.65"
"2021/04/06","18.66","22.95","22.96","18.50"
"2021/04/07","18.19","20.63","20.79","18.08"
"2021/04/08","17.41","18.93","22.89","16.94"
"2021/04/09","17.05","16.75","17.60","16.75"
"2021/04/12","17.43","17.23","17.83","17.23"
"2021/04/13","16.52","17.25","17.25","16.29"
"2021/04/14","16.82","16.76","17.14","16.62"
"2021/04/15","17.38","17.08","17.53","16.67"
"2021/04/16","17.57","17.54","17.75","17.31"
"2021/04/19","18.30","18.33","18.76","18.10"
"2021/04/20","20.02","19.63","20.91","19.63"
"2021/04/21","22.56","22.34","23.51","21.18"
"2021/04/22","19.48","21.16","21.16","19.32"
"2021/04/23","20.00","20.26","21.12","19.85"
"2021/04/26","19.89","19.97","20.72","19.34"
"2021/04/27","19.96","20.02","20.29","19.80"
"2021/04/28","19.61","20.11","20.31","19.39"
"2021/04/30","19.83","20.29","20.86","19.80"
"2021/05/06","19.62","20.67","20.67","19.35"
"2021/05/07","18.48","19.46","19.67","18.39"
"2021/05/10","18.20","18.52","18.52","17.79"
"2021/05/11","22.70","19.20","24.16","19.18"
"2021/05/12","26.27","23.27","28.40","22.39"
"2021/05/13","28.31","28.61","30.40","26.10"
"2021/05/14","24.09","27.00","27.00","23.71"
"2021/05/17","26.20","23.28","27.30","23.10"
"2021/05/18","23.74","25.15","25.15","23.31"
"2021/05/19","25.73","25.62","27.30","22.15"
"2021/05/20","24.75","25.92","25.95","24.07"
"2021/05/21","23.05","24.30","24.30","23.01"
"2021/05/24","23.25","23.58","23.82","22.81"
"2021/05/25","21.36","22.13","22.28","21.36"
"2021/05/26","21.03","21.55","21.71","20.63"
"2021/05/27","20.34","20.97","21.89","20.31"
"2021/05/28","19.76","19.74","20.19","19.46"
"2021/05/31","20.00","20.37","20.79","19.99"
"2021/06/01","20.48","19.98","20.86","19.49"
"2021/06/02","20.34","20.52","21.15","20.18"
"2021/06/03","20.20","20.32","20.43","19.82"
"2021/06/04","20.78","20.53","21.55","20.47"
"2021/06/07","20.15","21.63","21.63","19.87"
"2021/06/08","19.76","20.88","20.88","19.74"
"2021/06/09","19.73","20.10","20.36","19.46"
"2021/06/10","19.87","19.92","20.02","19.09"
"2021/06/11","17.93","19.25","19.58","17.93"
"2021/06/14","17.29","17.44","17.61","17.05"
"2021/06/15","17.38","17.25","17.76","17.15"
"2021/06/16","18.10","17.56","18.30","17.54"
"2021/06/17","18.55","18.11","19.84","18.11"
"2021/06/18","18.40","18.20","18.43","17.67"
"2021/06/21","23.98","22.11","25.89","22.09"
"2021/06/22","20.14","20.86","21.20","19.22"
"2021/06/23","19.02","19.74","19.75","18.67"
"2021/06/24","18.39","19.48","19.49","18.14"
"2021/06/25","17.86","18.36","18.37","17.63"
"2021/06/28","17.52","18.41","18.54","17.46"
"2021/06/29","17.58","17.75","18.70","17.46"
"2021/06/30","17.00","16.99","17.25","16.61"
"2021/07/01","17.37","17.30","17.64","16.82"
"2021/07/02","16.85","17.28","17.29","16.62"
"2021/07/05","15.85","19.23","19.38","15.25"
"2021/07/06","15.92","19.96","20.19","15.20"
"2021/07/07","17.26","18.07","18.78","16.95"
"2021/07/08","18.79","17.81","19.01","17.59"
"2021/07/09","18.75","20.94","25.87","18.75"
"2021/07/12","17.63","18.00","18.47","17.26"
"2021/07/13","17.10","16.61","17.10","15.99"
"2021/07/14","17.87","17.31","17.96","17.00"
"2021/07/15","19.02","17.69","19.19","17.47"
"2021/07/16","19.63","20.09","20.82","18.05"
"2021/07/19","21.62","22.52","22.93","21.32"
"2021/07/20","22.22","23.52","23.52","21.04"
"2021/07/21","21.85","21.39","22.47","20.18"
"2021/07/26","21.69","21.64","21.98","20.46"
"2021/07/27","20.98","21.00","21.28","20.52"
"2021/07/28","23.25","22.99","23.96","21.84"
"2021/07/29","21.12","21.96","22.16","21.10"
"2021/07/30","22.93","21.40","23.59","21.40"
"2021/08/02","21.75","22.94","22.94","21.41"
"2021/08/03","21.67","22.16","22.34","21.28"
"2021/08/04","20.85","21.26","21.68","20.65"
"2021/08/05","19.92","21.40","21.40","19.72"
"2021/08/06","19.55","20.19","20.42","19.23"
"2021/08/10","19.57","19.58","19.84","18.57"
"2021/08/11","19.57","18.61","19.72","18.44"
"2021/08/12","19.65","19.16","20.17","19.11"
"2021/08/13","18.50","19.21","19.54","18.50"
"2021/08/16","20.18","19.35","21.10","19.27"
"2021/08/17","20.39","19.46","20.49","19.17"
"2021/08/18","18.96","20.17","20.53","18.87"
"2021/08/19","20.84","19.86","20.86","19.27"
"2021/08/20","21.51","21.17","22.02","20.44"
"2021/08/23","19.56","21.24","21.25","19.28"
"2021/08/24","18.78","18.95","19.00","18.43"
"2021/08/25","18.86","18.60","19.21","18.45"
"2021/08/26","18.78","18.74","19.08","18.65"
"2021/08/27","18.46","19.07","19.83","18.46"
"2021/08/30","18.02","18.38","18.66","17.82"
"2021/08/31","16.90","17.84","18.11","16.89"
"2021/09/01","17.16","16.82","17.70","16.81"
"2021/09/02","18.22","17.60","18.42","17.51"
"2021/09/03","19.29","18.23","20.88","17.77"
"2021/09/06","20.40","20.14","21.56","20.09"
"2021/09/07","20.91","21.32","21.70","20.44"
"2021/09/08","21.20","21.61","21.97","21.12"
"2021/09/09","21.58","21.58","22.12","20.98"
"2021/09/10","20.81","21.56","21.89","20.68"
"2021/09/13","20.86","21.55","21.66","20.62"
"2021/09/14","20.59","20.85","20.99","20.38"
"2021/09/15","19.77","20.19","20.43","19.66"
"2021/09/16","19.85","19.98","20.54","19.27"
"2021/09/17","20.08","20.00","20.39","19.68"
"2021/09/21","23.45","22.09","23.81","14.90"
"2021/09/22","24.14","24.05","25.15","18.96"
"2021/09/24","20.86","21.55","21.61","20.69"
"2021/09/27","20.95","21.32","21.34","20.59"
"2021/09/28","21.12","21.25","21.67","20.88"
"2021/09/29","22.40","22.77","23.48","22.06"
"2021/09/30","21.40","22.40","22.83","21.40"
"2021/10/01","23.94","22.38","24.74","21.79"
"2021/10/04","23.88","21.34","28.11","21.12"
"2021/10/05","24.66","25.32","26.81","24.07"
"2021/10/06","25.72","23.59","27.69","22.36"
"2021/10/07","23.09","23.93","24.77","23.09"
"2021/10/08","22.44","22.62","22.83","21.30"
"2021/10/11","22.19","23.31","23.49","21.73"
"2021/10/12","23.28","21.94","23.28","21.90"
"2021/10/13","22.70","22.88","23.09","22.20"
"2021/10/14","21.36","21.56","21.71","20.91"
"2021/10/15","20.23","20.96","21.15","20.15"
"2021/10/18","20.96","20.71","21.09","20.69"
"2021/10/19","19.87","20.03","20.32","19.50"
"2021/10/20","20.23","19.78","20.61","19.78"
"2021/10/21","21.84","20.57","22.20","19.95"
"2021/10/22","20.95","22.14","22.62","20.81"
"2021/10/25","22.14","23.00","23.13","22.01"
"2021/10/26","20.98","20.96","21.60","20.60"
"2021/10/27","21.04","20.95","21.71","20.79"
"2021/10/28","21.54","21.97","22.12","20.90"
"2021/10/29","21.88","21.32","23.48","21.21"
"2021/11/01","20.26","20.08","20.54","19.83"
"2021/11/02","20.10","20.15","20.50","19.80"
"2021/11/04","19.55","19.40","19.90","19.37"
"2021/11/05","19.79","19.72","20.25","19.70"
"2021/11/08","19.71","20.30","20.63","19.55"
"2021/11/09","20.18","19.15","20.55","18.98"
"2021/11/10","20.87","20.42","20.92","20.08"
"2021/11/11","20.38","21.17","21.19","20.13"
"2021/11/12","19.35","19.62","20.17","19.34"
"2021/11/15","19.11","19.23","19.35","19.00"
"2021/11/16","18.80","18.97","19.08","18.53"
"2021/11/17","18.66","18.42","19.08","18.42"
"2021/11/18","18.92","18.83","19.19","18.67"
"2021/11/19","18.53","18.88","18.93","18.44"
"2021/11/22","18.68","19.70","19.85","18.68"
"2021/11/24","19.54","18.99","20.45","18.90"
"2021/11/25","19.01","19.35","19.39","18.97"
"2021/11/26","22.33","19.95","23.44","19.95"
"2021/11/29","27.33","27.89","28.59","24.36"
"2021/11/30","29.13","24.28","29.13","22.99"
"2021/12/01","24.94","25.93","26.90","24.91"
"2021/12/02","26.21","26.66","26.82","25.82"
"2021/12/03","25.00","25.68","26.82","25.00"
"2021/12/06","28.94","26.86","30.91","25.17"
"2021/12/07","26.78","23.84","26.78","22.23"
"2021/12/08","21.03","20.87","22.04","20.81"
"2021/12/09","20.80","20.52","20.86","19.62"
"2021/12/10","20.76","21.48","21.51","20.18"
"2021/12/13","19.78","19.72","20.16","19.40"
"2021/12/14","20.58","20.23","21.37","19.71"
"2021/12/15","20.24","20.90","20.97","20.22"
"2021/12/16","18.08","18.58","19.01","17.78"
"2021/12/17","20.09","19.16","20.64","18.46"
"2021/12/20","24.56","22.30","24.85","21.89"
"2021/12/21","21.41","21.93","23.20","21.24"
"2021/12/22","21.01","20.96","21.39","20.74"
"2021/12/23","19.27","19.75","20.07","19.24"
"2021/12/24","18.79","19.02","19.02","18.59"
"2021/12/27","19.64","19.64","20.22","19.56"
"2021/12/28","19.03","19.23","19.43","18.77"
"2021/12/29","19.00","18.92","19.72","18.68"
"2021/12/30","19.21","19.05","19.89","18.66"
"2022/01/04","18.63","19.50","19.76","18.57"
"2022/01/05","18.30","18.92","19.04","18.01"
"2022/01/06","21.00","19.38","21.24","18.84"
"2022/01/07","20.13","19.71","21.87","19.30"
"2022/01/11","21.30","21.16","21.80","20.63"
"2022/01/12","19.43","20.04","20.04","19.39"
"2022/01/13","19.70","19.34","20.03","19.32"
"2022/01/14","21.90","21.20","23.23","21.20"
"2022/01/17","21.26","21.57","21.97","21.13"
"2022/01/18","21.74","20.63","22.93","19.92"
"2022/01/19","24.87","23.83","26.44","23.28"
"2022/01/20","23.58","25.31","26.44","23.41"
"2022/01/21","25.93","26.04","27.56","25.93"
"2022/01/24","25.74","27.87","27.94","25.74"
"2022/01/25","28.53","27.23","29.43","27.11"
"2022/01/26","27.58","28.50","28.90","27.44"
"2022/01/27","30.65","26.08","31.97","25.96"
"2022/01/28","27.06","28.81","29.78","26.79"
"2022/01/31","25.22","27.26","27.90","25.21"
"2022/02/01","24.44","23.82","24.45","23.17"
"2022/02/02","21.82","22.57","22.59","21.74"
"2022/02/03","22.61","23.03","23.11","22.11"
"2022/02/04","23.08","24.23","24.28","22.49"
"2022/02/07","24.20","23.97","24.98","23.82"
"2022/02/08","23.35","23.29","23.36","22.73"
"2022/02/09","21.91","22.28","22.33","21.41"
"2022/02/10","21.97","21.16","22.37","20.84"
"2022/02/14","26.63","25.86","27.09","25.27"
"2022/02/15","28.14","26.56","29.79","26.49"
"2022/02/16","24.36","25.34","25.77","24.32"
"2022/02/17","26.11","24.83","26.38","23.50"
"2022/02/18","25.35","27.31","27.75","25.18"
"2022/02/21","26.02","27.68","28.06","25.79"
"2022/02/22","27.59","27.70","28.69","27.20"
"2022/02/24","29.09","27.90","30.88","27.37"
"2022/02/25","25.56","26.62","26.79","25.40"
"2022/02/28","26.53","26.89","27.73","26.24"
"2022/03/01","25.55","25.45","25.72","25.07"
"2022/03/02","27.32","27.24","27.82","26.79"
"2022/03/03","25.71","25.91","26.36","25.71"
"2022/03/04","27.99","25.97","29.21","25.88"
"2022/03/07","29.82","29.37","30.40","28.84"
"2022/03/08","29.29","29.04","29.40","28.68"
"2022/03/09","29.70","29.18","29.76","28.71"
"2022/03/10","28.67","28.67","29.03","28.23"
"2022/03/11","28.60","28.44","29.28","28.12"
"2022/03/14","28.98","28.76","29.06","28.35"
"2022/03/15","28.48","28.90","28.90","28.25"
"2022/03/16","27.05","27.72","27.93","26.83"
"2022/03/17","26.57","25.70","26.76","25.57"
"2022/03/18","25.29","26.49","26.50","25.29"
"2022/03/22","24.40","24.69","25.04","24.40"
"2022/03/23","24.36","23.46","24.61","22.96"
"2022/03/24","24.32","24.71","24.82","24.11"
"2022/03/25","24.57","24.50","25.14","24.37"
"2022/03/28","25.03","24.82","25.39","24.70"
"2022/03/29","23.22","23.87","24.16","22.92"
"2022/03/30","22.37","22.24","23.34","22.12"
"2022/03/31","21.98","22.69","22.74","21.71"
"2022/04/01","21.27","22.30","22.83","21.10"
"2022/04/04","18.72","20.69","20.86","18.72"
"2022/04/05","18.37","18.65","19.25","18.37"
"2022/04/06","19.97","19.70","20.59","19.50"
"2022/04/07","22.47","22.58","23.08","22.22"
"2022/04/08","20.74","21.52","21.96","20.74"
"2022/04/11","21.33","21.73","22.21","21.04"
"2022/04/12","22.86","22.09","23.23","21.64"
"2022/04/13","20.85","22.09","22.12","20.83"
"2022/04/14","19.97","20.73","20.74","19.76"
"2022/04/15","20.81","20.96","21.30","20.39"
"2022/04/18","22.72","22.57","23.73","22.57"
"2022/04/19","21.72","21.86","22.55","21.63"
"2022/04/20","21.64","21.60","22.18","21.28"
"2022/04/21","21.47","21.52","21.52","21.01"
"2022/04/22","22.77","22.72","23.68","22.58"
"2022/04/25","27.40","27.40","27.91","26.25"
"2022/04/26","25.60","26.15","26.58","25.06"
"2022/04/27","26.61","28.08","28.24","26.52"
"2022/04/28","25.07","26.87","26.99","24.72"
"2022/05/02","27.83","27.93","28.62","27.39"
"2022/05/06","27.73","28.64","29.32","27.73"
"2022/05/09","30.36","29.77","31.26","29.61"
"2022/05/10","29.71","31.03","33.18","29.68"
"2022/05/11","28.59","30.24","30.31","28.57"
"2022/05/12","29.50","29.18","29.76","28.32"
"2022/05/13","26.75","28.24","28.30","26.44"
"2022/05/16","26.40","25.33","26.46","25.25"
"2022/05/17","24.19","25.09","25.33","24.10"
"2022/05/18","23.10","23.84","23.85","22.96"
"2022/05/19","25.10","26.50","26.52","24.98"
"2022/05/20","23.68","24.61","24.64","23.50"
"2022/05/23","23.90","23.96","24.20","23.65"
"2022/05/24","24.30","23.92","24.45","23.66"
"2022/05/25","23.50","24.01","24.37","23.25"
"2022/05/26","23.01","23.31","23.31","22.51"
"2022/05/27","21.45","21.88","22.25","21.45"
"2022/05/30","19.93","21.21","21.33","19.93"
"2022/05/31","19.81","20.04","20.14","19.42"
"2022/06/01","19.56","19.62","19.65","19.25"
"2022/06/02","19.75","19.67","20.08","19.40"
"2022/06/03","19.01","19.15","19.53","18.98"
"2022/06/06","19.35","19.77","19.77","18.81"
"2022/06/07","19.41","19.55","19.84","19.22"
"2022/06/08","19.44","19.38","19.46","19.04"
"2022/06/09","20.22","19.43","20.42","19.24"
"2022/06/10","21.27","20.94","21.73","20.87"
"2022/06/13","25.79","23.99","25.87","23.64"
"2022/06/14","26.04","26.98","27.68","26.03"
"2022/06/15","26.31","25.69","26.60","25.48"
"2022/06/16","25.34","24.17","25.75","23.75"
"2022/06/17","27.31","29.15","29.66","26.24"
"2022/06/20","26.20","25.89","27.88","25.86"
"2022/06/21","24.00","25.10","25.34","23.98"
"2022/06/22","24.21","23.77","24.41","23.77"
"2022/06/23","24.46","24.04","24.98","23.56"
"2022/06/24","23.08","24.19","24.33","23.08"
"2022/06/27","22.73","23.32","23.47","22.54"
"2022/06/28","21.75","22.46","22.46","21.70"
"2022/06/29","22.66","22.65","22.83","22.37"
"2022/06/30","23.43","22.76","23.58","22.48"
"2022/07/01","24.41","23.23","24.66","22.81"
"2022/07/04","22.99","24.20","24.32","22.99"
"2022/07/05","22.46","22.63","22.96","22.09"
"2022/07/06","23.97","23.36","24.09","23.08"
"2022/07/07","22.43","23.18","23.65","22.43"
"2022/07/08","22.41","22.03","23.82","21.45"
"2022/07/11","22.64","21.96","22.75","21.60"
"2022/07/12","23.12","22.22","23.57","22.22"
"2022/07/13","22.54","23.03","23.12","22.49"
"2022/07/14","21.78","22.72","22.80","21.45"
"2022/07/15","21.67","21.72","22.25","21.38"
"2022/07/19","21.76","21.57","22.17","21.35"
"2022/07/20","21.12","21.00","21.58","20.85"
"2022/07/21","20.52","21.40","21.40","20.38"
"2022/07/22","20.08","20.52","20.62","19.93"
"2022/07/25","20.82","20.88","21.16","20.61"
"2022/07/26","20.39","20.61","20.83","20.13"
"2022/07/27","20.26","20.66","20.74","20.00"
"2022/07/28","19.48","19.52","20.19","19.42"
"2022/07/29","18.93","19.17","19.44","18.56"
"2022/08/01","18.96","19.61","19.76","18.90"
"2022/08/02","20.60","19.75","21.39","19.75"
"2022/08/03","20.15","20.29","20.59","19.99"
"2022/08/04","19.25","19.36","19.61","19.16"
"2022/08/05","20.35","18.95","20.35","17.87"
"2022/08/08","18.31","19.00","19.00","18.17"
"2022/08/09","19.11","18.62","19.28","18.39"
"2022/08/10","20.18","19.42","20.23","19.40"
"2022/08/12","18.39","18.80","19.05","18.30"
"2022/08/15","19.06","19.02","19.24","18.77"
"2022/08/16","18.27","18.99","19.07","18.26"
"2022/08/17","18.58","18.23","18.89","17.92"
"2022/08/18","18.71","19.12","19.56","18.63"
"2022/08/19","18.11","18.60","18.65","17.91"
"2022/08/22","19.21","19.90","20.01","18.87"
"2022/08/23","20.06","19.82","20.39","19.67"
"2022/08/24","19.97","20.01","20.35","19.80"
"2022/08/25","19.06","19.33","19.44","18.92"
"2022/08/26","18.72","18.65","18.87","18.54"
"2022/08/29","21.42","21.77","22.40","21.31"
"2022/08/30","20.08","20.69","20.93","20.00"
"2022/08/31","19.91","21.02","21.11","19.91"
"2022/09/01","21.42","20.87","21.62","20.67"
"2022/09/02","20.90","20.99","21.59","20.90"
"2022/09/05","23.18","20.76","23.88","19.75"
"2022/09/06","19.72","19.80","20.50","19.18"
"2022/09/07","20.90","19.84","21.51","19.84"
"2022/09/08","20.06","19.76","20.24","19.30"
"2022/09/09","19.49","19.53","19.92","19.25"
"2022/09/12","19.15","19.16","19.41","18.89"
"2022/09/13","18.30","18.91","18.91","18.23"
"2022/09/14","20.69","20.52","20.93","19.79"
"2022/09/15","20.18","20.22","20.30","19.86"
"2022/09/16","21.02","21.29","21.35","20.87"
"2022/09/20","21.25","21.09","21.51","20.89"
"2022/09/21","22.57","22.15","23.00","21.85"
"2022/09/22","21.61","22.87","22.97","21.51"
"2022/09/26","25.13","24.10","25.13","23.70"
"2022/09/27","24.48","24.53","24.75","24.30"
"2022/09/28","26.33","24.98","27.28","24.77"
"2022/09/29","25.03","24.43","25.05","24.22"
"2022/09/30","26.33","25.79","27.59","25.71"
"2022/10/03","26.22","27.66","28.13","26.19"
"2022/10/04","24.52","24.49","24.68","23.88"
"2022/10/05","23.46","23.84","24.11","23.33"
"2022/10/06","22.88","23.08","23.13","22.40"
"2022/10/07","23.33","24.19","24.34","22.92"
"2022/10/11","25.97","25.09","26.47","25.09"
"2022/10/12","26.12","26.23","26.55","26.04"
"2022/10/13","26.59","26.21","26.74","26.20"
"2022/10/14","24.72","25.21","25.21","24.38"
"2022/10/17","25.02","25.60","25.79","24.93"
"2022/10/18","23.39","23.69","24.30","23.39"
"2022/10/19","22.79","22.98","23.08","22.55"
"2022/10/20","23.99","23.40","24.41","23.36"
"2022/10/21","24.06","23.82","24.34","23.77"
"2022/10/24","25.03","24.43","25.12","24.13"
"2022/10/25","23.87","24.59","24.67","23.83"
"2022/10/26","23.44","23.58","23.70","23.15"
"2022/10/27","23.23","22.97","23.31","22.79"
"2022/10/28","23.70","23.89","23.94","22.65"
"2022/10/31","22.95","23.19","23.37","22.85"
"2022/11/01","22.04","22.55","22.73","21.91"
"2022/11/02","21.88","21.95","22.15","21.44"
"2022/11/04","21.57","21.46","22.01","21.41"
"2022/11/07","21.08","21.26","21.36","20.66"
"2022/11/08","20.54","20.40","20.55","19.98"
"2022/11/09","20.87","20.77","21.10","20.69"
"2022/11/10","21.71","21.27","21.91","20.86"
"2022/11/11","20.31","19.83","20.46","19.57"
"2022/11/14","19.87","19.90","19.98","19.65"
"2022/11/15","18.87","19.62","19.71","18.85"
"2022/11/16","19.16","19.53","20.38","19.05"
"2022/11/17","18.50","18.91","18.91","18.31"
"2022/11/18","18.20","18.55","18.60","18.06"
"2022/11/21","17.57","18.02","18.26","17.56"
"2022/11/22","17.15","17.15","17.41","17.02"
"2022/11/24","17.51","17.04","17.51","16.97"
"2022/11/25","17.49","17.55","17.78","17.43"
"2022/11/28","18.53","18.41","18.97","18.38"
"2022/11/29","18.71","18.91","19.10","18.52"
"2022/11/30","18.93","18.88","19.19","18.80"
"2022/12/01","18.84","18.84","19.09","18.59"
"2022/12/02","19.89","19.00","20.36","19.00"
"2022/12/05","18.39","19.31","21.46","18.29"
"2022/12/06","22.43","18.84","22.43","17.54"
"2022/12/07","18.66","18.60","18.78","18.31"
"2022/12/08","18.87","18.72","19.44","18.69"
"2022/12/09","18.04","18.63","18.63","17.73"
"2022/12/12","18.78","19.01","19.01","18.63"
"2022/12/13","18.95","18.76","19.24","18.59"
"2022/12/14","17.11","17.89","17.89","16.86"
"2022/12/15","16.31","16.63","16.65","15.99"
"2022/12/16","17.76","17.78","18.07","17.38"
"2022/12/19","18.87","19.30","19.63","18.87"
"2022/12/20","21.40","18.70","23.83","16.39"
"2022/12/21","20.74","21.05","21.75","20.52"
"2022/12/22","19.56","19.62","20.03","19.49"
"2022/12/23","20.20","20.51","20.56","19.85"
"2022/12/26","19.35","20.07","20.07","19.35"
"2022/12/27","19.58","19.11","19.68","19.04"
"2022/12/28","19.51","19.67","19.82","19.40"
"2022/12/29","20.06","19.93","20.17","19.67"
"2022/12/30","19.92","19.52","20.00","19.38"
"2023/01/04","20.19","20.16","20.48","20.01"
"2023/01/05","18.93","19.30","19.39","18.78"
"2023/01/06","18.21","18.47","18.49","17.92"
"2023/01/10","18.28","18.37","18.64","18.13"
"2023/01/11","17.95","17.83","18.02","17.33"
"2023/01/12","18.80","18.21","18.92","18.00"
"2023/01/13","18.58","18.08","18.80","17.41"
"2023/01/16","19.77","19.31","19.95","19.14"
"2023/01/17","19.15","19.61","19.69","18.88"
"2023/01/18","17.54","19.91","21.42","17.39"
"2023/01/19","17.91","17.73","18.18","17.50"
"2023/01/20","17.37","18.05","18.08","17.35"
"2023/01/23","17.53","17.27","17.62","17.27"
"2023/01/24","17.69","17.60","18.01","17.51"
"2023/01/25","17.51","17.60","17.63","17.33"
"2023/01/26","17.29","17.59","17.73","17.19"
"2023/01/27","17.00","17.37","17.41","16.95"
"2023/01/30","16.97","17.54","17.56","16.85"
"2023/01/31","17.14","17.23","17.27","16.76"
"2023/02/01","17.55","16.96","17.78","16.94"
"2023/02/02","16.46","16.56","16.85","16.30"
"2023/02/03","16.29","16.37","16.55","16.09"
"2023/02/06","16.58","16.48","16.73","16.10"
"2023/02/07","16.56","16.51","16.60","16.20"
"2023/02/08","15.92","16.29","16.47","15.78"
"2023/02/09","16.04","16.45","16.62","15.90"
"2023/02/10","16.22","16.14","16.63","15.90"
"2023/02/13","16.51","17.09","17.39","16.51"
"2023/02/14","16.01","16.16","16.31","15.76"
"2023/02/15","15.14","15.25","15.55","15.08"
"2023/02/16","14.71","14.88","15.11","14.63"
"2023/02/17","15.40","15.42","15.44","14.86"
"2023/02/20","15.67","15.87","15.97","15.57"
"2023/02/21","16.32","16.00","16.51","15.82"
"2023/02/22","17.50","17.00","18.11","16.87"
"2023/02/24","16.59","17.33","17.40","16.32"
"2023/02/27","16.74","17.30","17.35","16.69"
"2023/02/28","16.40","16.34","16.55","16.18"
"2023/03/01","15.78","16.19","16.22","15.77"
"2023/03/02","15.89","15.81","16.24","15.62"
"2023/03/03","16.19","15.85","16.42","15.61"
"2023/03/06","16.60","15.86","16.67","15.76"
"2023/03/07","16.53","16.42","16.76","16.22"
"2023/03/08","17.32","16.93","17.32","16.80"
"2023/03/09","17.94","17.81","18.17","17.64"
"2023/03/10","17.89","18.38","19.22","16.77"
"2023/03/13","18.61","18.18","19.60","18.18"
"2023/03/14","21.52","21.47","22.15","20.98"
"2023/03/15","19.42","19.55","20.21","19.09"
"2023/03/16","21.57","23.10","23.29","21.40"
"2023/03/17","19.45","20.08","20.30","19.23"
"2023/03/20","22.80","21.17","22.82","20.33"
"2023/03/22","20.48","20.42","20.87","20.16"
"2023/03/23","19.61","20.46","20.49","19.33"
"2023/03/24","19.08","19.43","20.08","19.08"
"2023/03/27","19.01","19.63","19.87","19.01"
"2023/03/28","18.08","18.35","18.56","18.08"
"2023/03/29","17.38","17.83","17.87","17.04"
"2023/03/30","16.79","17.08","17.42","16.79"
"2023/03/31","16.66","16.74","16.89","16.40"
"2023/04/03","17.08","17.08","17.30","16.88"
"2023/04/04","16.55","16.75","16.86","16.44"
"2023/04/05","17.62","16.80","17.91","16.68"
"2023/04/06","17.72","17.68","18.35","17.46"
"2023/04/07","17.30","17.50","17.62","17.16"
"2023/04/10","17.14","17.18","17.32","16.85"
"2023/04/11","16.90","16.68","16.98","16.24"
"2023/04/12","16.77","16.92","16.95","16.68"
"2023/04/13","16.49","17.01","17.01","16.36"
"2023/04/14","16.60","16.74","16.79","16.41"
"2023/04/17","16.36","16.89","16.99","16.30"
"2023/04/18","16.10","16.19","16.19","15.90"
"2023/04/19","16.04","16.15","16.25","15.97"
"2023/04/20","16.19","16.35","16.41","15.83"
"2023/04/21","16.10","16.32","16.32","15.95"
"2023/04/24","16.32","16.55","16.66","16.19"
"2023/04/25","16.27","15.90","16.30","15.84"
"2023/04/26","16.82","16.95","17.13","16.55"
"2023/04/27","16.42","16.99","17.10","16.38"
"2023/04/28","15.22","16.27","16.79","15.11"
"2023/05/01","15.62","15.56","15.78","15.20"
"2023/05/02","15.81","15.84","16.02","15.62"
"2023/05/08","16.20","16.09","16.35","15.94"
"2023/05/09","15.77","15.85","15.85","15.41"
"2023/05/10","16.09","15.82","16.22","15.82"
"2023/05/11","15.62","15.61","15.82","15.28"
"2023/05/12","15.78","15.52","16.13","15.37"
"2023/05/15","16.09","16.22","16.29","15.89"
"2023/05/16","17.24","16.52","17.31","16.43"
"2023/05/17","17.78","17.26","17.98","17.26"
"2023/05/18","20.47","18.75","20.52","18.59"
"2023/05/19","20.07","22.42","22.48","20.05"
"2023/05/22","18.98","19.66","19.76","18.61"
"2023/05/23","19.71","19.62","19.90","18.74"
"2023/05/24","19.00","19.21","19.21","18.62"
"2023/05/25","18.49","19.00","19.05","18.47"
"2023/05/26","19.33","18.90","19.56","18.42"
"2023/05/29","20.21","21.69","21.72","20.21"
"2023/05/30","19.91","19.59","19.92","19.49"
"2023/05/31","20.00","19.62","20.64","19.59"
"2023/06/01","19.63","19.74","20.02","19.53"
"2023/06/02","20.06","19.84","20.18","19.70"
"2023/06/05","21.81","21.29","21.97","21.01"
"2023/06/06","21.15","21.35","22.03","21.03"
"2023/06/07","21.98","21.73","22.38","20.91"
"2023/06/08","23.16","22.67","23.45","21.30"
"2023/06/09","21.59","22.24","23.11","21.34"
"2023/06/12","20.55","21.30","21.44","20.53"
"2023/06/13","21.41","20.16","21.59","20.08"
"2023/06/14","21.99","21.83","22.43","21.25"
"2023/06/15","22.32","21.61","23.08","21.49"
"2023/06/16","20.74","21.89","22.36","20.56"
"2023/06/19","20.53","20.87","21.12","20.35"
"2023/06/20","20.09","20.34","20.51","19.97"
"2023/06/21","20.23","19.88","20.23","19.58"
"2023/06/22","20.24","19.89","20.67","19.53"
"2023/06/23","21.11","19.93","21.47","19.63"
"2023/06/26","20.98","21.36","22.22","20.76"
"2023/06/27","20.00","20.72","20.72","19.96"
"2023/06/28","20.19","19.92","20.30","19.70"
"2023/06/29","19.70","19.81","20.07","19.59"
"2023/06/30","19.11","19.64","19.68","19.10"
"2023/07/03","19.57","19.49","19.87","19.46"
"2023/07/04","19.27","19.23","19.35","18.98"
"2023/07/05","18.80","19.14","19.54","18.79"
"2023/07/06","19.21","19.49","19.72","18.86"
"2023/07/07","20.26","19.85","20.54","19.64"
"2023/07/10","21.13","20.55","21.57","20.20"
"2023/07/11","20.66","20.32","20.99","20.17"
"2023/07/12","21.52","20.39","22.16","20.25"
"2023/07/13","20.23","20.44","20.94","20.06"
"2023/07/14","20.49","20.02","21.12","19.73"
"2023/07/18","20.37","20.17","20.61","19.76"
"2023/07/19","19.82","20.19","20.31","19.44"
"2023/07/20","20.01","19.89","20.12","19.76"
"2023/07/21","19.81","19.91","20.32","19.71"
"2023/07/24","19.86","20.24","20.31","19.70"
"2023/07/25","19.21","19.68","19.81","19.12"
"2023/07/26","18.83","19.23","19.31","18.74"
"2023/07/27","18.82","18.98","19.21","18.57"
"2023/07/28","18.59","19.97","20.32","18.59"
"2023/07/31","18.32","18.67","18.75","18.19"
"2023/08/01","18.03","18.12","18.15","17.41"
"2023/08/02","19.51","18.30","19.68","18.28"
"2023/08/03","20.66","20.50","20.87","20.01"
"2023/08/04","20.86","21.31","21.42","20.16"
"2023/08/07","20.37","21.40","21.70","20.34"
"2023/08/08","20.13","20.01","20.47","19.63"
"2023/08/09","20.03","20.11","20.41","19.67"
"2023/08/10","19.23","20.03","20.10","19.20"
"2023/08/14","19.70","18.80","20.30","18.48"
"2023/08/15","18.85","18.95","19.20","18.65"
"2023/08/16","19.97","19.71","20.15","19.28"
"2023/08/17","19.56","19.74","20.57","19.42"
"2023/08/18","19.52","20.31","20.45","19.21"
"2023/08/21","19.94","19.71","20.06","19.39"
"2023/08/22","18.86","19.23","19.36","18.80"
"2023/08/23","18.39","18.99","18.99","18.18"
"2023/08/24","17.89","18.12","18.12","17.70"
"2023/08/25","18.88","18.83","19.01","18.17"
"2023/08/28","18.39","18.46","18.61","18.12"
"2023/08/29","18.00","17.82","18.05","17.71"
"2023/08/30","17.74","17.67","17.96","17.55"
"2023/08/31","16.89","17.31","17.32","16.74"
"2023/09/01","16.86","16.94","16.98","16.55"
"2023/09/04","17.14","16.87","17.28","16.69"
"2023/09/05","17.56","17.50","17.84","17.35"
"2023/09/06","17.14","18.08","18.10","16.73"
"2023/09/07","17.89","18.09","18.46","17.31"
"2023/09/08","17.24","17.98","18.85","17.18"
"2023/09/11","16.90","17.08","17.67","16.90"
"2023/09/12","16.23","16.38","16.47","16.10"
"2023/09/13","16.48","16.16","16.58","16.02"
"2023/09/14","16.07","16.05","16.30","15.78"
"2023/09/15","15.99","15.93","16.57","15.80"
"2023/09/19","16.92","16.80","17.09","16.76"
"2023/09/20","17.26","17.03","17.43","17.03"
"2023/09/21","18.25","17.72","18.44","17.26"
"2023/09/22","17.83","19.32","19.47","17.58"
"2023/09/25","17.61","17.68","18.10","17.48"
"2023/09/26","18.22","17.33","18.31","17.32"
"2023/09/27","18.12","18.95","19.07","18.04"
"2023/09/28","18.81","18.13","19.49","17.99"
"2023/09/29","18.40","18.45","19.05","18.28"
"2023/10/02","18.88","18.20","19.28","18.13"
"2023/10/03","20.30","19.62","20.50","19.60"
"2023/10/04","22.76","22.19","22.76","21.33"
"2023/10/05","20.84","21.15","21.44","20.68"
"2023/10/06","20.47","20.59","21.08","20.32"
"2023/10/10","21.09","20.88","21.46","20.54"
"2023/10/11","20.67","20.68","20.89","20.20"
"2023/10/12","20.68","20.38","20.87","20.01"
"2023/10/13","20.97","20.50","21.23","20.30"
"2023/10/16","21.90","21.46","22.29","21.10"
"2023/10/17","21.15","20.97","21.38","20.82"
"2023/10/18","21.00","21.09","21.57","20.87"
"2023/10/19","22.47","22.40","22.62","21.93"
"2023/10/20","23.20","22.77","23.26","22.33"
"2023/10/23","23.52","23.42","23.87","23.30"
"2023/10/24","22.55","22.56","24.14","22.50"
"2023/10/25","22.11","21.85","22.21","21.62"
"2023/10/26","23.99","23.09","24.13","23.05"
"2023/10/27","22.59","23.06","23.11","22.18"
"2023/10/30","23.71","23.82","24.02","23.44"
"2023/10/31","22.03","23.29","23.43","21.79"
"2023/11/01","20.94","21.12","21.20","20.83"
"2023/11/02","20.01","20.10","20.23","19.79"
"2023/11/06","20.16","20.15","20.43","19.62"
"2023/11/07","19.94","19.83","20.08","19.61"
"2023/11/08","20.03","19.51","20.24","19.33"
"2023/11/09","19.47","19.61","20.10","19.17"
"2023/11/10","20.00","20.11","20.64","19.96"
"2023/11/13","19.54","18.78","19.83","18.76"
"2023/11/14","18.71","18.28","19.07","18.22"
"2023/11/15","18.57","18.37","18.57","18.11"
"2023/11/16","18.75","18.35","19.08","18.09"
"2023/11/17","18.28","18.48","18.71","17.99"
"2023/11/20","18.58","17.97","18.80","17.96"
"2023/11/21","17.87","17.34","18.41","17.17"
"2023/11/22","17.37","17.24","17.64","17.06"
"2023/11/24","16.87","17.31","17.32","16.76"
"2023/11/27","17.36","16.28","17.44","16.12"
"2023/11/28","16.13","16.25","17.36","16.13"
"2023/11/29","17.05","17.07","17.24","16.84"
"2023/11/30","16.57","16.12","17.01","16.12"
"2023/12/01","16.28","16.35","16.72","16.16"
"2023/12/04","17.06","16.79","17.53","16.79"
"2023/12/05","17.77","17.25","17.92","17.20"
"2023/12/06","18.22","17.98","18.32","16.34"
"2023/12/07","18.38","17.73","18.82","17.70"
"2023/12/08","19.72","18.77","20.11","18.40"
"2023/12/11","18.21","18.38","18.64","18.21"
"2023/12/12","18.09","17.50","18.43","17.44"
"2023/12/13","17.28","17.41","17.58","17.15"
"2023/12/14","18.01","16.98","18.38","16.91"
"2023/12/15","17.34","17.69","17.71","17.12"
"2023/12/18","18.51","18.27","18.90","18.27"
"2023/12/19","17.08","18.46","18.80","16.93"
"2023/12/20","16.71","17.12","17.25","16.61"
"2023/12/21","17.24","16.94","17.82","16.86"
"2023/12/22","16.81","16.48","16.93","16.48"
"2023/12/25","17.10","17.20","17.54","16.91"
"2023/12/26","16.77","17.11","17.26","16.71"
"2023/12/27","16.90","16.22","17.17","16.22"
"2023/12/28","17.10","16.91","17.10","16.76"
"2023/12/29","17.46","16.62","17.59","16.52"
"2024/01/04","18.69","18.79","19.19","18.44"
"2024/01/05","18.46","18.29","18.67","18.26"
"2024/01/09","19.20","18.93","19.39","18.92"
"2024/01/10","19.62","19.28","19.67","19.19"
"2024/01/11","21.08","19.87","21.08","19.73"
"2024/01/12","22.40","21.07","22.67","21.06"
"2024/01/15","22.47","22.25","23.02","21.74"
"2024/01/16","21.20","21.54","21.94","20.97"
"2024/01/17","20.66","20.61","21.63","20.40"
"2024/01/18","20.45","20.38","20.82","20.23"
"2024/01/19","20.67","21.29","21.29","20.62"
"2024/01/22","21.90","21.58","21.90","21.29"
"2024/01/23","21.06","20.96","21.74","20.54"
"2024/01/24","19.72","19.41","19.92","19.09"
"2024/01/25","19.33","18.82","19.70","18.69"
"2024/01/26","19.64","18.25","19.75","18.13"
"2024/01/29","19.81","19.25","19.88","19.22"
"2024/01/30","18.84","19.25","19.41","18.74"
"2024/01/31","18.96","18.71","19.07","18.22"
"2024/02/01","18.77","18.00","19.29","17.96"
"2024/02/02","19.39","18.15","19.49","18.00"
"2024/02/05","19.97","19.46","20.45","19.44"
"2024/02/06","19.68","19.15","20.14","19.09"
"2024/02/07","19.39","19.97","20.11","19.39"
"2024/02/08","19.80","18.95","20.20","18.95"
"2024/02/09","19.25","20.12","20.24","19.18"
"2024/02/13","19.48","19.54","20.37","19.28"
"2024/02/14","19.48","19.64","20.41","19.41"
"2024/02/15","19.58","19.53","20.52","19.40"
"2024/02/16","21.60","20.70","21.98","20.63"
"2024/02/19","19.88","21.39","21.57","19.37"
"2024/02/20","19.45","19.19","20.63","19.01"
"2024/02/21","20.55","19.46","20.78","19.30"
"2024/02/22","19.56","19.20","20.68","19.05"
"2024/02/26","21.41","22.01","22.06","21.25"
"2024/02/27","20.40","19.31","20.76","18.78"
"2024/02/28","19.22","18.54","19.70","18.36"
"2024/02/29","19.23","19.23","19.49","19.01"
"2024/03/01","20.74","19.04","20.79","19.02"
"2024/03/04","20.98","20.51","21.41","20.45"
"2024/03/05","20.38","19.88","20.72","19.78"
"2024/03/06","20.87","19.85","21.76","19.57"
"2024/03/07","21.65","21.05","22.33","20.71"
"2024/03/08","21.95","21.69","21.95","20.50"
"2024/03/11","21.96","21.81","22.44","21.37"
"2024/03/12","21.52","22.46","22.53","21.35"
"2024/03/13","21.36","20.88","21.83","20.81"
"2024/03/14","20.57","21.13","21.65","20.47"
"2024/03/15","20.33","20.90","20.99","20.21"
"2024/03/18","20.23","20.77","21.06","19.90"
"2024/03/19","19.50","19.86","19.99","19.26"
"2024/03/21","18.83","19.13","19.40","18.76"
"2024/03/22","18.50","18.55","18.57","18.14"
"2024/03/25","19.07","18.62","19.07","18.35"
"2024/03/26","18.72","18.72","18.89","18.54"
"2024/03/27","19.28","18.36","19.31","18.27"
"2024/03/28","19.06","18.39","19.18","18.12"
"2024/03/29","18.57","18.80","18.98","18.50"
"2024/04/01","19.65","18.33","20.15","18.28"
"2024/04/02","19.15","19.45","19.57","18.97"
"2024/04/03","20.12","19.75","20.37","19.44"
"2024/04/04","19.54","18.80","19.83","18.73"
"2024/04/05","21.48","21.46","22.08","20.87"
"2024/04/08","21.24","21.31","21.56","20.60"
"2024/04/09","20.12","20.05","20.22","19.95"
"2024/04/10","20.47","20.48","20.72","20.35"
"2024/04/11","20.73","20.85","20.92","20.35"
"2024/04/12","19.97","20.05","20.37","19.92"
"2024/04/15","20.80","21.37","21.45","20.69"
"2024/04/16","22.09","21.29","22.18","21.18"
"2024/04/17","22.77","20.78","22.97","20.63"
"2024/04/18","21.49","22.51","22.69","21.31"
"2024/04/19","24.43","22.17","27.82","22.12"
"2024/04/22","21.68","23.24","23.53","21.52"
"2024/04/23","20.72","20.67","21.03","20.29"
"2024/04/24","20.01","19.87","20.26","19.57"
"2024/04/25","21.46","20.56","21.75","20.23"
"2024/04/26","20.82","21.24","21.65","20.15"
"2024/04/30","20.47","20.45","20.89","20.17"
"2024/05/01","20.66","20.83","20.94","20.49"
"2024/05/02","19.91","20.49","20.53","19.80"
"2024/05/07","19.20","19.40","19.78","19.19"
"2024/05/08","20.75","19.21","20.75","19.14"
"2024/05/09","19.88","19.46","19.96","17.93"
"2024/05/10","18.53","18.19","19.29","18.12"
"2024/05/13","18.49","18.54","19.02","18.49"
"2024/05/14","18.23","18.34","18.54","18.17"
"2024/05/15","18.45","18.21","18.56","18.06"
"2024/05/16","17.39","17.46","17.80","16.90"
"2024/05/17","16.79","17.27","17.38","16.79"
"2024/05/20","17.22","17.25","17.70","16.96"
"2024/05/21","17.11","17.24","17.46","16.87"
"2024/05/22","17.11","16.98","17.20","16.62"
"2024/05/23","16.25","16.91","16.91","16.24"
"2024/05/24","16.96","17.32","17.40","16.67"
"2024/05/27","16.78","16.89","17.07","16.60"
"2024/05/28","16.23","16.43","16.57","16.17"
"2024/05/29","16.80","15.99","16.82","15.85"
"2024/05/30","17.62","17.46","18.47","17.28"
"2024/05/31","16.84","17.17","17.35","16.57"
"2024/06/03","17.02","16.72","17.56","16.63"
"2024/06/04","17.15","17.30","17.47","16.99"
"2024/06/05","17.77","17.45","18.01","17.34"
"2024/06/06","17.74","17.62","17.79","17.36"
"2024/06/07","17.77","17.73","17.83","17.22"
"2024/06/10","17.98","17.92","18.27","17.80"
"2024/06/11","17.58","17.73","18.21","17.46"
"2024/06/12","17.61","17.85","17.88","17.54"
"2024/06/13","17.15","16.81","17.53","16.75"
"2024/06/14","16.29","17.47","17.51","16.12"
"2024/06/17","18.35","17.58","18.58","17.58"
"2024/06/18","17.11","17.36","17.36","16.98"
"2024/06/19","16.85","16.63","17.01","16.50"
"2024/06/20","16.72","16.94","17.44","16.57"
"2024/06/21","16.33","16.54","16.70","16.21"
"2024/06/24","17.00","17.01","17.40","16.77"
"2024/06/25","16.74","16.66","16.83","16.54"
"2024/06/26","16.68","16.87","17.29","16.65"
"2024/06/27","16.18","16.69","16.77","16.06"
"2024/06/28","16.13","16.28","16.40","16.02"
"2024/07/01","16.04","16.22","16.43","15.89"
"2024/07/02","16.05","16.05","16.29","15.72"
"2024/07/03","16.47","16.17","16.75","16.13"
"2024/07/04","16.84","16.95","17.16","16.75"
"2024/07/05","16.76","16.97","17.10","16.70"
"2024/07/08","17.44","17.08","17.49","17.06"
"2024/07/09","17.47","16.94","17.66","16.88"
"2024/07/10","17.79","17.43","17.84","17.32"
"2024/07/11","18.12","18.51","18.63","17.77"
"2024/07/12","18.37","17.85","18.58","17.67"
"2024/07/16","17.91","18.17","18.58","17.89"
"2024/07/17","18.00","17.79","18.08","17.51"
"2024/07/18","18.85","19.43","19.46","18.26"
"2024/07/19","19.53","19.55","19.95","19.00"
"2024/07/22","20.60","19.67","20.66","19.67"
"2024/07/23","19.06","19.08","19.51","18.71"
"2024/07/24","19.01","19.16","19.32","18.37"
"2024/07/25","22.02","21.74","22.57","20.69"
"2024/07/26","22.20","22.49","23.08","21.42"
"2024/07/29","21.43","21.39","21.62","20.67"
"2024/07/30","21.77","21.35","22.28","21.34"
"2024/07/31","21.39","21.77","22.05","19.75"
"2024/08/01","21.82","20.47","23.12","20.47"
"2024/08/02","29.44","26.56","30.77","26.32"
"2024/08/05","70.69","42.39","85.38","40.13"
"2024/08/06","51.19","70.69","70.69","36.38"
"2024/08/07","45.02","56.63","57.15","43.47"
"2024/08/08","46.62","49.09","50.04","31.68"
"2024/08/09","45.28","39.23","48.53","37.60"
"2024/08/13","35.20","37.42","37.42","26.69"
"2024/08/14","31.32","30.62","34.26","29.97"
"2024/08/15","27.25","27.72","27.86","24.57"
"2024/08/16","26.54","25.50","27.75","25.10"
"2024/08/19","29.52","26.78","31.05","26.56"
"2024/08/20","27.61","27.35","29.34","27.27"
"2024/08/21","27.05","29.34","30.16","27.05"
"2024/08/22","27.13","27.82","28.61","27.13"
"2024/08/23","25.38","27.79","27.89","25.38"
"2024/08/26","25.43","26.95","27.36","24.35"
"2024/08/27","23.65","24.69","24.90","23.25"
"2024/08/28","22.47","23.45","23.73","22.47"
"2024/08/29","22.70","23.03","23.61","21.54"
"2024/08/30","21.32","21.77","22.43","20.78"
"2024/09/02","21.53","21.50","22.56","21.26"
"2024/09/03","20.86","21.73","23.14","20.86"
"2024/09/04","27.05","28.48","33.28","26.60"
"2024/09/05","29.09","29.74","40.84","27.91"
"2024/09/06","29.07","28.15","29.42","28.09"
"2024/09/09","28.72","41.11","41.43","28.72"
"2024/09/10","28.13","28.36","29.15","27.32"
"2024/09/11","28.33","27.12","36.21","27.06"
"2024/09/12","26.73","26.53","27.23","26.08"
"2024/09/13","28.82","30.60","31.79","28.82"
"2024/09/17","27.81","29.23","32.46","27.81"
"2024/09/18","27.14","29.37","30.71","27.14"
"2024/09/19","25.73","27.41","28.93","24.89"
"2024/09/20","24.33","26.52","28.03","24.33"
"2024/09/24","26.62","27.14","29.48","26.41"
"2024/09/25","24.77","27.54","28.36","24.77"
"2024/09/26","26.01","25.85","27.85","25.58"
"2024/09/27","26.51","27.92","28.61","26.33"
"2024/09/30","28.23","29.42","32.31","28.23"
"2024/10/01","24.75","28.64","30.47","24.75"
"2024/10/02","27.85","27.54","33.64","27.50"
"2024/10/03","26.70","29.63","32.38","26.70"
"2024/10/04","25.09","32.84","33.01","25.09"
"2024/10/07","30.19","29.90","32.89","29.89"
"2024/10/08","33.54","30.67","33.97","30.29"
"2024/10/09","32.08","32.32","32.50","31.72"
"2024/10/10","28.67","28.87","30.38","28.15"
"2024/10/11","28.67","27.77","29.85","27.77"
"2024/10/15","27.14","28.25","28.62","27.14"
"2024/10/16","27.30","30.05","30.30","27.30"
"2024/10/17","26.55","29.17","29.69","26.55"
"2024/10/18","26.43","28.51","29.07","26.43"
"2024/10/21","26.24","28.87","29.78","26.24"
"2024/10/22","27.22","29.31","32.17","25.55"
"2024/10/23","27.80","31.09","32.83","27.80"
"2024/10/24","27.80","33.26","33.48","27.80"
"2024/10/25","32.14","32.39","33.62","32.14"
"2024/10/28","25.86","31.32","31.36","25.86"
"2024/10/29","29.44","30.06","30.41","25.81"
"2024/10/30","25.97","28.85","29.12","25.97"
"2024/10/31","25.75","29.23","29.84","25.75"
"2024/11/01","26.03","31.02","32.20","26.03"
"2024/11/05","27.15","31.00","31.76","26.54"
"2024/11/06","23.09","32.36","32.36","23.09"
"2024/11/07","27.52","27.47","29.02","26.11"
"2024/11/08","26.04","24.98","26.04","24.06"
"2024/11/11","23.71","23.31","23.76","22.83"
"2024/11/12","23.08","22.20","23.62","21.67"
"2024/11/13","24.79","22.99","25.59","21.69"
"2024/11/14","24.38","23.42","24.87","23.16"
"2024/11/15","23.22","23.96","24.50","23.01"
"2024/11/18","26.12","26.04","26.69","25.50"
"2024/11/19","24.65","25.76","25.88","24.65"
"2024/11/20","23.42","25.96","26.51","23.42"
"2024/11/21","26.15","25.05","27.10","24.32"
"2024/11/22","23.64","25.58","26.10","23.38"
"2024/11/25","20.85","23.07","24.24","20.85"
"2024/11/26","20.77","24.32","26.04","20.77"
"2024/11/27","22.95","24.32","25.54","22.95"
"2024/11/28","24.07","25.21","25.42","22.09"
"2024/11/29","22.31","23.44","24.68","22.31"
"本資料は日経の著作物であり、本資料の全部又は一部を、いかなる形式によっても日経に無断で複写、複製、転載または流布することができません。"
